domain;rule_id;rule_type;rule_status;rule_priority;family_code;family_kind;family_id;family_score;retained;question_type;reasoning_trap;predicted_difficulty;priority;candidate_family_status;twin_group_id;twin_type;concept_tested;redundancy_group_id;family_rationale
AMF;AMF-R-001;THRESHOLD;draft;CRITICAL;F1;FACT_RECALL;AMF-R-001-F1;3;True;fact;NONE;2;HIGH;blocked;;;Position-recommandation DOC-2020-03 = Condition d'une communication centrale sur les critères extra-financiers;RG-AMF-POSITION-RECOMMANDATION-THRESHOLD;règle de type THRESHOLD : elle porte un élément restituable exactement (définition, seuil, délai ou périmètre)
AMF;AMF-R-001;THRESHOLD;draft;CRITICAL;F2;QUALIFICATION;AMF-R-001-F2;2;True;qualification;NONE;4;CRITICAL;blocked;;;Position-recommandation DOC-2020-03 = Condition d'une communication centrale sur les critères extra-financiers;RG-AMF-POSITION-RECOMMANDATION-THRESHOLD;la règle se projette sur un cas, avec une réponse tranchable
AMF;AMF-R-001;THRESHOLD;draft;CRITICAL;F3;CALCULATION;AMF-R-001-F3;3;True;calculation;NONE;3;CRITICAL;blocked;;;Position-recommandation DOC-2020-03 = Condition d'une communication centrale sur les critères extra-financiers;RG-AMF-POSITION-RECOMMANDATION-THRESHOLD;règle de type THRESHOLD : la computation est dans la règle, pas ajoutée par la question
AMF;AMF-R-001;THRESHOLD;draft;CRITICAL;F4;FALSE_PREMISE;AMF-R-001-F4;3;True;false_premise;FALSE_THRESHOLD;4;CRITICAL;blocked;TG-AMF-R-001;FALSE_TRUE;Position-recommandation DOC-2020-03 = Condition d'une communication centrale sur les critères extra-financiers;RG-AMF-POSITION-RECOMMANDATION-THRESHOLD;1 affirmation(s) fausse(s) déjà identifiée(s) sur cette règle : la prémisse est prête à être réfutée, sous réserve de vérifier l'absence
AMF;AMF-R-001;THRESHOLD;draft;CRITICAL;F5;TRUE_PREMISE_ADVERSARIAL;AMF-R-001-F5;3;True;true_premise_adversarial;NONE;4;HIGH;blocked;TG-AMF-R-001;FALSE_TRUE;Position-recommandation DOC-2020-03 = Condition d'une communication centrale sur les critères extra-financiers;RG-AMF-POSITION-RECOMMANDATION-THRESHOLD;jumeau obligatoire de la fausse prémisse : sans lui, le modèle apprend « question adversariale ⇒ réfuter » et gagne des points en réfutant le vrai
AMF;AMF-R-001;THRESHOLD;draft;CRITICAL;F6;CALIBRATED_ABSTENTION;;1;False;calibrated_abstention;MISSING_INFORMATION;4;HIGH;not_retained;;;Position-recommandation DOC-2020-03 = Condition d'une communication centrale sur les critères extra-financiers;RG-AMF-POSITION-RECOMMANDATION-THRESHOLD;exceptions inconnues : on ne peut pas affirmer qu'un cas est indécidable tant qu'on ignore ce que le texte prévoit
AMF;AMF-R-001;THRESHOLD;draft;CRITICAL;F7;CONDITIONAL_ANSWER;;0;False;qualification;NONE;3;CRITICAL;not_retained;;;Position-recommandation DOC-2020-03 = Condition d'une communication centrale sur les critères extra-financiers;RG-AMF-POSITION-RECOMMANDATION-THRESHOLD;règle sans branche : une réponse conditionnelle serait un artifice
AMF;AMF-R-001;THRESHOLD;draft;CRITICAL;F8;TEMPORAL;;0;False;fact;TEMPORAL_CONFUSION;4;HIGH;not_retained;;;Position-recommandation DOC-2020-03 = Condition d'une communication centrale sur les critères extra-financiers;RG-AMF-POSITION-RECOMMANDATION-THRESHOLD;règle stable et non bornée : une question temporelle porterait sur une date sans enjeu
AMF;AMF-R-001;THRESHOLD;draft;CRITICAL;F9;CROSS_REGULATORY;AMF-R-001-F9;3;True;qualification;CROSS_REGULATORY_CONFLATION;5;CRITICAL;blocked;;;Position-recommandation DOC-2020-03 = Condition d'une communication centrale sur les critères extra-financiers;RG-AMF-POSITION-RECOMMANDATION-THRESHOLD;confusion inter-réglementaire documentée et régime(s) voisin(s) identifié(s) : SFDR
AMF;AMF-R-001;THRESHOLD;draft;CRITICAL;F10;EXCEPTION;;0;False;qualification;OVERGENERALIZATION;4;CRITICAL;not_retained;;;Position-recommandation DOC-2020-03 = Condition d'une communication centrale sur les critères extra-financiers;RG-AMF-POSITION-RECOMMANDATION-THRESHOLD;exceptions inconnues : tester une exception qu'on n'a pas cherchée reviendrait à l'inventer
AMF;AMF-R-001;THRESHOLD;draft;CRITICAL;F11;NEGATIVE_ASSERTION;AMF-R-001-F11;2;True;false_premise;NEGATIVE_ASSERTION;4;CRITICAL;blocked;;;Position-recommandation DOC-2020-03 = Condition d'une communication centrale sur les critères extra-financiers;RG-AMF-POSITION-RECOMMANDATION-THRESHOLD;1 affirmation(s) négative(s) identifiée(s), aucune encore vérifiée absente : la famille est prête mais pas sourçable
AMF;AMF-R-001;THRESHOLD;draft;CRITICAL;F12;MISSING_INFORMATION;AMF-R-001-F12;3;True;calibrated_abstention;MISSING_INFORMATION;4;HIGH;blocked;;;Position-recommandation DOC-2020-03 = Condition d'une communication centrale sur les critères extra-financiers;RG-AMF-POSITION-RECOMMANDATION-THRESHOLD;règle de type THRESHOLD : on peut nommer exactement la donnée qui manque pour conclure
AMF;AMF-R-002;OBLIGATION;draft;HIGH;F1;FACT_RECALL;AMF-R-002-F1;2;True;fact;NONE;2;MEDIUM;blocked;;;Position-recommandation DOC-2020-03 = Proportionnalité de la communication extra-financière;RG-AMF-POSITION-RECOMMANDATION-OBLIGATION;l'obligation elle-même se restitue : qui doit quoi, envers qui
AMF;AMF-R-002;OBLIGATION;draft;HIGH;F2;QUALIFICATION;AMF-R-002-F2;3;True;qualification;NONE;4;HIGH;blocked;;;Position-recommandation DOC-2020-03 = Proportionnalité de la communication extra-financière;RG-AMF-POSITION-RECOMMANDATION-OBLIGATION;un cas concret tranche : la règle dit qui est concerné et ce qui doit être fait, l'application est vérifiable
AMF;AMF-R-002;OBLIGATION;draft;HIGH;F3;CALCULATION;;0;False;calculation;NONE;3;HIGH;not_retained;;;Position-recommandation DOC-2020-03 = Proportionnalité de la communication extra-financière;RG-AMF-POSITION-RECOMMANDATION-OBLIGATION;aucune computation réelle : un calcul serait fabriqué pour la question
AMF;AMF-R-002;OBLIGATION;draft;HIGH;F4;FALSE_PREMISE;AMF-R-002-F4;2;True;false_premise;CONCEPT_CONFLATION;4;HIGH;blocked;TG-AMF-R-002;FALSE_TRUE;Position-recommandation DOC-2020-03 = Proportionnalité de la communication extra-financière;RG-AMF-POSITION-RECOMMANDATION-OBLIGATION;1 confusion(s) typique(s) documentée(s) : chacune se retourne en prémisse fausse plausible
AMF;AMF-R-002;OBLIGATION;draft;HIGH;F5;TRUE_PREMISE_ADVERSARIAL;AMF-R-002-F5;2;True;true_premise_adversarial;NONE;4;MEDIUM;blocked;TG-AMF-R-002;FALSE_TRUE;Position-recommandation DOC-2020-03 = Proportionnalité de la communication extra-financière;RG-AMF-POSITION-RECOMMANDATION-OBLIGATION;jumeau obligatoire de la fausse prémisse : sans lui, le modèle apprend « question adversariale ⇒ réfuter » et gagne des points en réfutant le vrai
AMF;AMF-R-002;OBLIGATION;draft;HIGH;F6;CALIBRATED_ABSTENTION;;1;False;calibrated_abstention;MISSING_INFORMATION;4;MEDIUM;not_retained;;;Position-recommandation DOC-2020-03 = Proportionnalité de la communication extra-financière;RG-AMF-POSITION-RECOMMANDATION-OBLIGATION;exceptions inconnues : on ne peut pas affirmer qu'un cas est indécidable tant qu'on ignore ce que le texte prévoit
AMF;AMF-R-002;OBLIGATION;draft;HIGH;F7;CONDITIONAL_ANSWER;;0;False;qualification;NONE;3;HIGH;not_retained;;;Position-recommandation DOC-2020-03 = Proportionnalité de la communication extra-financière;RG-AMF-POSITION-RECOMMANDATION-OBLIGATION;règle sans branche : une réponse conditionnelle serait un artifice
AMF;AMF-R-002;OBLIGATION;draft;HIGH;F8;TEMPORAL;;0;False;fact;TEMPORAL_CONFUSION;4;MEDIUM;not_retained;;;Position-recommandation DOC-2020-03 = Proportionnalité de la communication extra-financière;RG-AMF-POSITION-RECOMMANDATION-OBLIGATION;règle stable et non bornée : une question temporelle porterait sur une date sans enjeu
AMF;AMF-R-002;OBLIGATION;draft;HIGH;F9;CROSS_REGULATORY;AMF-R-002-F9;2;True;qualification;CROSS_REGULATORY_CONFLATION;5;HIGH;blocked;;;Position-recommandation DOC-2020-03 = Proportionnalité de la communication extra-financière;RG-AMF-POSITION-RECOMMANDATION-OBLIGATION;régime(s) voisin(s) plausible(s) : SFDR — la confusion est juridiquement crédible
AMF;AMF-R-002;OBLIGATION;draft;HIGH;F10;EXCEPTION;;0;False;qualification;OVERGENERALIZATION;4;HIGH;not_retained;;;Position-recommandation DOC-2020-03 = Proportionnalité de la communication extra-financière;RG-AMF-POSITION-RECOMMANDATION-OBLIGATION;exceptions inconnues : tester une exception qu'on n'a pas cherchée reviendrait à l'inventer
AMF;AMF-R-002;OBLIGATION;draft;HIGH;F11;NEGATIVE_ASSERTION;;0;False;false_premise;NEGATIVE_ASSERTION;4;HIGH;not_retained;;;Position-recommandation DOC-2020-03 = Proportionnalité de la communication extra-financière;RG-AMF-POSITION-RECOMMANDATION-OBLIGATION;aucune affirmation négative documentée : il n'y a rien à nier
AMF;AMF-R-002;OBLIGATION;draft;HIGH;F12;MISSING_INFORMATION;AMF-R-002-F12;2;True;calibrated_abstention;MISSING_INFORMATION;4;MEDIUM;blocked;;;Position-recommandation DOC-2020-03 = Proportionnalité de la communication extra-financière;RG-AMF-POSITION-RECOMMANDATION-OBLIGATION;l'obligation dépend de faits identifiables : le modèle doit dire lesquels lui manquent
AMF;AMF-R-003;OBLIGATION;draft;HIGH;F1;FACT_RECALL;AMF-R-003-F1;2;True;fact;NONE;2;MEDIUM;blocked;;;Position-recommandation DOC-2020-03 = Cohérence de la dénomination du produit avec son approche;RG-AMF-POSITION-RECOMMANDATION-OBLIGATION;l'obligation elle-même se restitue : qui doit quoi, envers qui
AMF;AMF-R-003;OBLIGATION;draft;HIGH;F2;QUALIFICATION;AMF-R-003-F2;3;True;qualification;NONE;4;HIGH;blocked;;;Position-recommandation DOC-2020-03 = Cohérence de la dénomination du produit avec son approche;RG-AMF-POSITION-RECOMMANDATION-OBLIGATION;un cas concret tranche : la règle dit qui est concerné et ce qui doit être fait, l'application est vérifiable
AMF;AMF-R-003;OBLIGATION;draft;HIGH;F3;CALCULATION;;0;False;calculation;NONE;3;HIGH;not_retained;;;Position-recommandation DOC-2020-03 = Cohérence de la dénomination du produit avec son approche;RG-AMF-POSITION-RECOMMANDATION-OBLIGATION;aucune computation réelle : un calcul serait fabriqué pour la question
AMF;AMF-R-003;OBLIGATION;draft;HIGH;F4;FALSE_PREMISE;AMF-R-003-F4;2;True;false_premise;SCOPE_CONFUSION;4;HIGH;blocked;TG-AMF-R-003;SCOPE_TWIN;Position-recommandation DOC-2020-03 = Cohérence de la dénomination du produit avec son approche;RG-AMF-POSITION-RECOMMANDATION-OBLIGATION;1 confusion(s) typique(s) documentée(s) : chacune se retourne en prémisse fausse plausible
AMF;AMF-R-003;OBLIGATION;draft;HIGH;F5;TRUE_PREMISE_ADVERSARIAL;AMF-R-003-F5;2;True;true_premise_adversarial;NONE;4;MEDIUM;blocked;TG-AMF-R-003;SCOPE_TWIN;Position-recommandation DOC-2020-03 = Cohérence de la dénomination du produit avec son approche;RG-AMF-POSITION-RECOMMANDATION-OBLIGATION;jumeau obligatoire de la fausse prémisse : sans lui, le modèle apprend « question adversariale ⇒ réfuter » et gagne des points en réfutant le vrai
AMF;AMF-R-003;OBLIGATION;draft;HIGH;F6;CALIBRATED_ABSTENTION;;1;False;calibrated_abstention;MISSING_INFORMATION;4;MEDIUM;not_retained;;;Position-recommandation DOC-2020-03 = Cohérence de la dénomination du produit avec son approche;RG-AMF-POSITION-RECOMMANDATION-OBLIGATION;exceptions inconnues : on ne peut pas affirmer qu'un cas est indécidable tant qu'on ignore ce que le texte prévoit
AMF;AMF-R-003;OBLIGATION;draft;HIGH;F7;CONDITIONAL_ANSWER;;0;False;qualification;NONE;3;HIGH;not_retained;;;Position-recommandation DOC-2020-03 = Cohérence de la dénomination du produit avec son approche;RG-AMF-POSITION-RECOMMANDATION-OBLIGATION;règle sans branche : une réponse conditionnelle serait un artifice
AMF;AMF-R-003;OBLIGATION;draft;HIGH;F8;TEMPORAL;;0;False;fact;TEMPORAL_CONFUSION;4;MEDIUM;not_retained;;;Position-recommandation DOC-2020-03 = Cohérence de la dénomination du produit avec son approche;RG-AMF-POSITION-RECOMMANDATION-OBLIGATION;règle stable et non bornée : une question temporelle porterait sur une date sans enjeu
AMF;AMF-R-003;OBLIGATION;draft;HIGH;F9;CROSS_REGULATORY;;0;False;qualification;CROSS_REGULATORY_CONFLATION;5;HIGH;not_retained;;;Position-recommandation DOC-2020-03 = Cohérence de la dénomination du produit avec son approche;RG-AMF-POSITION-RECOMMANDATION-OBLIGATION;aucun régime voisin : la confusion ne serait pas plausible
AMF;AMF-R-003;OBLIGATION;draft;HIGH;F10;EXCEPTION;;0;False;qualification;OVERGENERALIZATION;4;HIGH;not_retained;;;Position-recommandation DOC-2020-03 = Cohérence de la dénomination du produit avec son approche;RG-AMF-POSITION-RECOMMANDATION-OBLIGATION;exceptions inconnues : tester une exception qu'on n'a pas cherchée reviendrait à l'inventer
AMF;AMF-R-003;OBLIGATION;draft;HIGH;F11;NEGATIVE_ASSERTION;;0;False;false_premise;NEGATIVE_ASSERTION;4;HIGH;not_retained;;;Position-recommandation DOC-2020-03 = Cohérence de la dénomination du produit avec son approche;RG-AMF-POSITION-RECOMMANDATION-OBLIGATION;aucune affirmation négative documentée : il n'y a rien à nier
AMF;AMF-R-003;OBLIGATION;draft;HIGH;F12;MISSING_INFORMATION;AMF-R-003-F12;2;True;calibrated_abstention;MISSING_INFORMATION;4;MEDIUM;blocked;;;Position-recommandation DOC-2020-03 = Cohérence de la dénomination du produit avec son approche;RG-AMF-POSITION-RECOMMANDATION-OBLIGATION;l'obligation dépend de faits identifiables : le modèle doit dire lesquels lui manquent
AMF;AMF-R-004;SCOPE;draft;CRITICAL;F1;FACT_RECALL;AMF-R-004-F1;3;True;fact;NONE;3;HIGH;blocked;;;Position-recommandation DOC-2020-03 = Articulation entre doctrine AMF et règlement SFDR;RG-AMF-POSITION-RECOMMANDATION-SCOPE;règle de type SCOPE : elle porte un élément restituable exactement (définition, seuil, délai ou périmètre)
AMF;AMF-R-004;SCOPE;draft;CRITICAL;F2;QUALIFICATION;AMF-R-004-F2;3;True;qualification;NONE;5;CRITICAL;blocked;;;Position-recommandation DOC-2020-03 = Articulation entre doctrine AMF et règlement SFDR;RG-AMF-POSITION-RECOMMANDATION-SCOPE;un cas concret tranche : la règle dit qui est concerné et ce qui doit être fait, l'application est vérifiable
AMF;AMF-R-004;SCOPE;draft;CRITICAL;F3;CALCULATION;;0;False;calculation;NONE;4;CRITICAL;not_retained;;;Position-recommandation DOC-2020-03 = Articulation entre doctrine AMF et règlement SFDR;RG-AMF-POSITION-RECOMMANDATION-SCOPE;aucune computation réelle : un calcul serait fabriqué pour la question
AMF;AMF-R-004;SCOPE;draft;CRITICAL;F4;FALSE_PREMISE;AMF-R-004-F4;2;True;false_premise;SCOPE_CONFUSION;5;CRITICAL;blocked;TG-AMF-R-004;SCOPE_TWIN;Position-recommandation DOC-2020-03 = Articulation entre doctrine AMF et règlement SFDR;RG-AMF-POSITION-RECOMMANDATION-SCOPE;2 confusion(s) typique(s) documentée(s) : chacune se retourne en prémisse fausse plausible
AMF;AMF-R-004;SCOPE;draft;CRITICAL;F5;TRUE_PREMISE_ADVERSARIAL;AMF-R-004-F5;2;True;true_premise_adversarial;NONE;5;HIGH;blocked;TG-AMF-R-004;SCOPE_TWIN;Position-recommandation DOC-2020-03 = Articulation entre doctrine AMF et règlement SFDR;RG-AMF-POSITION-RECOMMANDATION-SCOPE;jumeau obligatoire de la fausse prémisse : sans lui, le modèle apprend « question adversariale ⇒ réfuter » et gagne des points en réfutant le vrai
AMF;AMF-R-004;SCOPE;draft;CRITICAL;F6;CALIBRATED_ABSTENTION;;1;False;calibrated_abstention;MISSING_INFORMATION;5;HIGH;not_retained;;;Position-recommandation DOC-2020-03 = Articulation entre doctrine AMF et règlement SFDR;RG-AMF-POSITION-RECOMMANDATION-SCOPE;exceptions inconnues : on ne peut pas affirmer qu'un cas est indécidable tant qu'on ignore ce que le texte prévoit
AMF;AMF-R-004;SCOPE;draft;CRITICAL;F7;CONDITIONAL_ANSWER;;0;False;qualification;NONE;4;CRITICAL;not_retained;;;Position-recommandation DOC-2020-03 = Articulation entre doctrine AMF et règlement SFDR;RG-AMF-POSITION-RECOMMANDATION-SCOPE;règle sans branche : une réponse conditionnelle serait un artifice
AMF;AMF-R-004;SCOPE;draft;CRITICAL;F8;TEMPORAL;;0;False;fact;TEMPORAL_CONFUSION;5;HIGH;not_retained;;;Position-recommandation DOC-2020-03 = Articulation entre doctrine AMF et règlement SFDR;RG-AMF-POSITION-RECOMMANDATION-SCOPE;règle stable et non bornée : une question temporelle porterait sur une date sans enjeu
AMF;AMF-R-004;SCOPE;draft;CRITICAL;F9;CROSS_REGULATORY;AMF-R-004-F9;3;True;qualification;CROSS_REGULATORY_CONFLATION;5;CRITICAL;blocked;;;Position-recommandation DOC-2020-03 = Articulation entre doctrine AMF et règlement SFDR;RG-AMF-POSITION-RECOMMANDATION-SCOPE;confusion inter-réglementaire documentée et régime(s) voisin(s) identifié(s) : SFDR
AMF;AMF-R-004;SCOPE;draft;CRITICAL;F10;EXCEPTION;;0;False;qualification;OVERGENERALIZATION;5;CRITICAL;not_retained;;;Position-recommandation DOC-2020-03 = Articulation entre doctrine AMF et règlement SFDR;RG-AMF-POSITION-RECOMMANDATION-SCOPE;exceptions inconnues : tester une exception qu'on n'a pas cherchée reviendrait à l'inventer
AMF;AMF-R-004;SCOPE;draft;CRITICAL;F11;NEGATIVE_ASSERTION;;0;False;false_premise;NEGATIVE_ASSERTION;5;CRITICAL;not_retained;;;Position-recommandation DOC-2020-03 = Articulation entre doctrine AMF et règlement SFDR;RG-AMF-POSITION-RECOMMANDATION-SCOPE;aucune affirmation négative documentée : il n'y a rien à nier
AMF;AMF-R-004;SCOPE;draft;CRITICAL;F12;MISSING_INFORMATION;AMF-R-004-F12;3;True;calibrated_abstention;MISSING_INFORMATION;5;HIGH;blocked;;;Position-recommandation DOC-2020-03 = Articulation entre doctrine AMF et règlement SFDR;RG-AMF-POSITION-RECOMMANDATION-SCOPE;règle de type SCOPE : on peut nommer exactement la donnée qui manque pour conclure
AMF;AMF-R-005;SCOPE;draft;HIGH;F1;FACT_RECALL;AMF-R-005-F1;3;True;fact;NONE;2;MEDIUM;blocked;;;Règlement général = Portée du règlement général de l'AMF;RG-AMF-REGLEMENT-GENERAL-SCOPE;règle de type SCOPE : elle porte un élément restituable exactement (définition, seuil, délai ou périmètre)
AMF;AMF-R-005;SCOPE;draft;HIGH;F2;QUALIFICATION;AMF-R-005-F2;3;True;qualification;NONE;4;HIGH;blocked;;;Règlement général = Portée du règlement général de l'AMF;RG-AMF-REGLEMENT-GENERAL-SCOPE;un cas concret tranche : la règle dit qui est concerné et ce qui doit être fait, l'application est vérifiable
AMF;AMF-R-005;SCOPE;draft;HIGH;F3;CALCULATION;;0;False;calculation;NONE;3;HIGH;not_retained;;;Règlement général = Portée du règlement général de l'AMF;RG-AMF-REGLEMENT-GENERAL-SCOPE;aucune computation réelle : un calcul serait fabriqué pour la question
AMF;AMF-R-005;SCOPE;draft;HIGH;F4;FALSE_PREMISE;AMF-R-005-F4;3;True;false_premise;FALSE_ARTICLE;4;HIGH;blocked;TG-AMF-R-005;FALSE_TRUE;Règlement général = Portée du règlement général de l'AMF;RG-AMF-REGLEMENT-GENERAL-SCOPE;la règle porte un piège d'invention (seuil ou article) : la fausse prémisse s'écrit directement dessus
AMF;AMF-R-005;SCOPE;draft;HIGH;F5;TRUE_PREMISE_ADVERSARIAL;AMF-R-005-F5;3;True;true_premise_adversarial;NONE;4;MEDIUM;blocked;TG-AMF-R-005;FALSE_TRUE;Règlement général = Portée du règlement général de l'AMF;RG-AMF-REGLEMENT-GENERAL-SCOPE;jumeau obligatoire de la fausse prémisse : sans lui, le modèle apprend « question adversariale ⇒ réfuter » et gagne des points en réfutant le vrai
AMF;AMF-R-005;SCOPE;draft;HIGH;F6;CALIBRATED_ABSTENTION;;1;False;calibrated_abstention;MISSING_INFORMATION;4;MEDIUM;not_retained;;;Règlement général = Portée du règlement général de l'AMF;RG-AMF-REGLEMENT-GENERAL-SCOPE;exceptions inconnues : on ne peut pas affirmer qu'un cas est indécidable tant qu'on ignore ce que le texte prévoit
AMF;AMF-R-005;SCOPE;draft;HIGH;F7;CONDITIONAL_ANSWER;;0;False;qualification;NONE;3;HIGH;not_retained;;;Règlement général = Portée du règlement général de l'AMF;RG-AMF-REGLEMENT-GENERAL-SCOPE;règle sans branche : une réponse conditionnelle serait un artifice
AMF;AMF-R-005;SCOPE;draft;HIGH;F8;TEMPORAL;;0;False;fact;TEMPORAL_CONFUSION;4;MEDIUM;not_retained;;;Règlement général = Portée du règlement général de l'AMF;RG-AMF-REGLEMENT-GENERAL-SCOPE;règle stable et non bornée : une question temporelle porterait sur une date sans enjeu
AMF;AMF-R-005;SCOPE;draft;HIGH;F9;CROSS_REGULATORY;;0;False;qualification;CROSS_REGULATORY_CONFLATION;5;HIGH;not_retained;;;Règlement général = Portée du règlement général de l'AMF;RG-AMF-REGLEMENT-GENERAL-SCOPE;aucun régime voisin : la confusion ne serait pas plausible
AMF;AMF-R-005;SCOPE;draft;HIGH;F10;EXCEPTION;;0;False;qualification;OVERGENERALIZATION;4;HIGH;not_retained;;;Règlement général = Portée du règlement général de l'AMF;RG-AMF-REGLEMENT-GENERAL-SCOPE;exceptions inconnues : tester une exception qu'on n'a pas cherchée reviendrait à l'inventer
AMF;AMF-R-005;SCOPE;draft;HIGH;F11;NEGATIVE_ASSERTION;;0;False;false_premise;NEGATIVE_ASSERTION;4;HIGH;not_retained;;;Règlement général = Portée du règlement général de l'AMF;RG-AMF-REGLEMENT-GENERAL-SCOPE;aucune affirmation négative documentée : il n'y a rien à nier
AMF;AMF-R-005;SCOPE;draft;HIGH;F12;MISSING_INFORMATION;AMF-R-005-F12;3;True;calibrated_abstention;MISSING_INFORMATION;4;MEDIUM;blocked;;;Règlement général = Portée du règlement général de l'AMF;RG-AMF-REGLEMENT-GENERAL-SCOPE;règle de type SCOPE : on peut nommer exactement la donnée qui manque pour conclure
DORA;DORA-R-001;SCOPE;draft;CRITICAL;F1;FACT_RECALL;DORA-R-001-F1;3;True;fact;NONE;2;HIGH;blocked;;;Article 2 = Entités financières couvertes par DORA;RG-DORA-ARTICLE-2-SCOPE;règle de type SCOPE : elle porte un élément restituable exactement (définition, seuil, délai ou périmètre)
DORA;DORA-R-001;SCOPE;draft;CRITICAL;F2;QUALIFICATION;DORA-R-001-F2;3;True;qualification;NONE;4;CRITICAL;blocked;;;Article 2 = Entités financières couvertes par DORA;RG-DORA-ARTICLE-2-SCOPE;un cas concret tranche : la règle dit qui est concerné et ce qui doit être fait, l'application est vérifiable
DORA;DORA-R-001;SCOPE;draft;CRITICAL;F3;CALCULATION;;0;False;calculation;NONE;3;CRITICAL;not_retained;;;Article 2 = Entités financières couvertes par DORA;RG-DORA-ARTICLE-2-SCOPE;aucune computation réelle : un calcul serait fabriqué pour la question
DORA;DORA-R-001;SCOPE;draft;CRITICAL;F4;FALSE_PREMISE;DORA-R-001-F4;3;True;false_premise;FALSE_THRESHOLD;4;CRITICAL;blocked;TG-DORA-R-001;FALSE_TRUE;Article 2 = Entités financières couvertes par DORA;RG-DORA-ARTICLE-2-SCOPE;la règle porte un piège d'invention (seuil ou article) : la fausse prémisse s'écrit directement dessus
DORA;DORA-R-001;SCOPE;draft;CRITICAL;F5;TRUE_PREMISE_ADVERSARIAL;DORA-R-001-F5;3;True;true_premise_adversarial;NONE;4;HIGH;blocked;TG-DORA-R-001;FALSE_TRUE;Article 2 = Entités financières couvertes par DORA;RG-DORA-ARTICLE-2-SCOPE;jumeau obligatoire de la fausse prémisse : sans lui, le modèle apprend « question adversariale ⇒ réfuter » et gagne des points en réfutant le vrai
DORA;DORA-R-001;SCOPE;draft;CRITICAL;F6;CALIBRATED_ABSTENTION;;1;False;calibrated_abstention;MISSING_INFORMATION;4;HIGH;not_retained;;;Article 2 = Entités financières couvertes par DORA;RG-DORA-ARTICLE-2-SCOPE;exceptions inconnues : on ne peut pas affirmer qu'un cas est indécidable tant qu'on ignore ce que le texte prévoit
DORA;DORA-R-001;SCOPE;draft;CRITICAL;F7;CONDITIONAL_ANSWER;;0;False;qualification;NONE;3;CRITICAL;not_retained;;;Article 2 = Entités financières couvertes par DORA;RG-DORA-ARTICLE-2-SCOPE;règle sans branche : une réponse conditionnelle serait un artifice
DORA;DORA-R-001;SCOPE;draft;CRITICAL;F8;TEMPORAL;;0;False;fact;TEMPORAL_CONFUSION;4;HIGH;not_retained;;;Article 2 = Entités financières couvertes par DORA;RG-DORA-ARTICLE-2-SCOPE;règle stable et non bornée : une question temporelle porterait sur une date sans enjeu
DORA;DORA-R-001;SCOPE;draft;CRITICAL;F9;CROSS_REGULATORY;;0;False;qualification;CROSS_REGULATORY_CONFLATION;5;CRITICAL;not_retained;;;Article 2 = Entités financières couvertes par DORA;RG-DORA-ARTICLE-2-SCOPE;aucun régime voisin : la confusion ne serait pas plausible
DORA;DORA-R-001;SCOPE;draft;CRITICAL;F10;EXCEPTION;;0;False;qualification;OVERGENERALIZATION;4;CRITICAL;not_retained;;;Article 2 = Entités financières couvertes par DORA;RG-DORA-ARTICLE-2-SCOPE;exceptions inconnues : tester une exception qu'on n'a pas cherchée reviendrait à l'inventer
DORA;DORA-R-001;SCOPE;draft;CRITICAL;F11;NEGATIVE_ASSERTION;;0;False;false_premise;NEGATIVE_ASSERTION;4;CRITICAL;not_retained;;;Article 2 = Entités financières couvertes par DORA;RG-DORA-ARTICLE-2-SCOPE;aucune affirmation négative documentée : il n'y a rien à nier
DORA;DORA-R-001;SCOPE;draft;CRITICAL;F12;MISSING_INFORMATION;DORA-R-001-F12;3;True;calibrated_abstention;MISSING_INFORMATION;4;HIGH;blocked;;;Article 2 = Entités financières couvertes par DORA;RG-DORA-ARTICLE-2-SCOPE;règle de type SCOPE : on peut nommer exactement la donnée qui manque pour conclure
DORA;DORA-R-002;GOVERNANCE;draft;CRITICAL;F1;FACT_RECALL;;1;False;fact;NONE;2;HIGH;not_retained;;;Article 5 = Responsabilité de l'organe de direction sur le risque TIC;RG-DORA-ARTICLE-5-GOVERNANCE;règle de type GOVERNANCE : la restitution porterait sur un dispositif diffus, difficile à noter exactement
DORA;DORA-R-002;GOVERNANCE;draft;CRITICAL;F2;QUALIFICATION;DORA-R-002-F2;2;True;qualification;NONE;4;CRITICAL;blocked;;;Article 5 = Responsabilité de l'organe de direction sur le risque TIC;RG-DORA-ARTICLE-5-GOVERNANCE;la règle se projette sur un cas, avec une réponse tranchable
DORA;DORA-R-002;GOVERNANCE;draft;CRITICAL;F3;CALCULATION;;0;False;calculation;NONE;3;CRITICAL;not_retained;;;Article 5 = Responsabilité de l'organe de direction sur le risque TIC;RG-DORA-ARTICLE-5-GOVERNANCE;aucune computation réelle : un calcul serait fabriqué pour la question
DORA;DORA-R-002;GOVERNANCE;draft;CRITICAL;F4;FALSE_PREMISE;DORA-R-002-F4;2;True;false_premise;SCOPE_CONFUSION;4;CRITICAL;blocked;TG-DORA-R-002;SCOPE_TWIN;Article 5 = Responsabilité de l'organe de direction sur le risque TIC;RG-DORA-ARTICLE-5-GOVERNANCE;2 confusion(s) typique(s) documentée(s) : chacune se retourne en prémisse fausse plausible
DORA;DORA-R-002;GOVERNANCE;draft;CRITICAL;F5;TRUE_PREMISE_ADVERSARIAL;DORA-R-002-F5;2;True;true_premise_adversarial;NONE;4;HIGH;blocked;TG-DORA-R-002;SCOPE_TWIN;Article 5 = Responsabilité de l'organe de direction sur le risque TIC;RG-DORA-ARTICLE-5-GOVERNANCE;jumeau obligatoire de la fausse prémisse : sans lui, le modèle apprend « question adversariale ⇒ réfuter » et gagne des points en réfutant le vrai
DORA;DORA-R-002;GOVERNANCE;draft;CRITICAL;F6;CALIBRATED_ABSTENTION;;1;False;calibrated_abstention;MISSING_INFORMATION;4;HIGH;not_retained;;;Article 5 = Responsabilité de l'organe de direction sur le risque TIC;RG-DORA-ARTICLE-5-GOVERNANCE;exceptions inconnues : on ne peut pas affirmer qu'un cas est indécidable tant qu'on ignore ce que le texte prévoit
DORA;DORA-R-002;GOVERNANCE;draft;CRITICAL;F7;CONDITIONAL_ANSWER;;0;False;qualification;NONE;3;CRITICAL;not_retained;;;Article 5 = Responsabilité de l'organe de direction sur le risque TIC;RG-DORA-ARTICLE-5-GOVERNANCE;règle sans branche : une réponse conditionnelle serait un artifice
DORA;DORA-R-002;GOVERNANCE;draft;CRITICAL;F8;TEMPORAL;;0;False;fact;TEMPORAL_CONFUSION;4;HIGH;not_retained;;;Article 5 = Responsabilité de l'organe de direction sur le risque TIC;RG-DORA-ARTICLE-5-GOVERNANCE;règle stable et non bornée : une question temporelle porterait sur une date sans enjeu
DORA;DORA-R-002;GOVERNANCE;draft;CRITICAL;F9;CROSS_REGULATORY;DORA-R-002-F9;2;True;qualification;CROSS_REGULATORY_CONFLATION;5;CRITICAL;blocked;;;Article 5 = Responsabilité de l'organe de direction sur le risque TIC;RG-DORA-ARTICLE-5-GOVERNANCE;régime(s) voisin(s) plausible(s) : MIFID2 — la confusion est juridiquement crédible
DORA;DORA-R-002;GOVERNANCE;draft;CRITICAL;F10;EXCEPTION;;0;False;qualification;OVERGENERALIZATION;4;CRITICAL;not_retained;;;Article 5 = Responsabilité de l'organe de direction sur le risque TIC;RG-DORA-ARTICLE-5-GOVERNANCE;exceptions inconnues : tester une exception qu'on n'a pas cherchée reviendrait à l'inventer
DORA;DORA-R-002;GOVERNANCE;draft;CRITICAL;F11;NEGATIVE_ASSERTION;;0;False;false_premise;NEGATIVE_ASSERTION;4;CRITICAL;not_retained;;;Article 5 = Responsabilité de l'organe de direction sur le risque TIC;RG-DORA-ARTICLE-5-GOVERNANCE;aucune affirmation négative documentée : il n'y a rien à nier
DORA;DORA-R-002;GOVERNANCE;draft;CRITICAL;F12;MISSING_INFORMATION;;1;False;calibrated_abstention;MISSING_INFORMATION;4;HIGH;not_retained;;;Article 5 = Responsabilité de l'organe de direction sur le risque TIC;RG-DORA-ARTICLE-5-GOVERNANCE;la donnée manquante serait difficile à nommer précisément : la demande d'information resterait vague
DORA;DORA-R-003;OBLIGATION;draft;CRITICAL;F1;FACT_RECALL;DORA-R-003-F1;2;True;fact;NONE;2;HIGH;blocked;;;Article 6 = Cadre de gestion du risque lié aux TIC;RG-DORA-ARTICLE-6-OBLIGATION;l'obligation elle-même se restitue : qui doit quoi, envers qui
DORA;DORA-R-003;OBLIGATION;draft;CRITICAL;F2;QUALIFICATION;DORA-R-003-F2;3;True;qualification;NONE;4;CRITICAL;blocked;;;Article 6 = Cadre de gestion du risque lié aux TIC;RG-DORA-ARTICLE-6-OBLIGATION;un cas concret tranche : la règle dit qui est concerné et ce qui doit être fait, l'application est vérifiable
DORA;DORA-R-003;OBLIGATION;draft;CRITICAL;F3;CALCULATION;;0;False;calculation;NONE;3;CRITICAL;not_retained;;;Article 6 = Cadre de gestion du risque lié aux TIC;RG-DORA-ARTICLE-6-OBLIGATION;aucune computation réelle : un calcul serait fabriqué pour la question
DORA;DORA-R-003;OBLIGATION;draft;CRITICAL;F4;FALSE_PREMISE;DORA-R-003-F4;3;True;false_premise;FALSE_THRESHOLD;4;CRITICAL;blocked;TG-DORA-R-003;FALSE_TRUE;Article 6 = Cadre de gestion du risque lié aux TIC;RG-DORA-ARTICLE-6-OBLIGATION;la règle porte un piège d'invention (seuil ou article) : la fausse prémisse s'écrit directement dessus
DORA;DORA-R-003;OBLIGATION;draft;CRITICAL;F5;TRUE_PREMISE_ADVERSARIAL;DORA-R-003-F5;3;True;true_premise_adversarial;NONE;4;HIGH;blocked;TG-DORA-R-003;FALSE_TRUE;Article 6 = Cadre de gestion du risque lié aux TIC;RG-DORA-ARTICLE-6-OBLIGATION;jumeau obligatoire de la fausse prémisse : sans lui, le modèle apprend « question adversariale ⇒ réfuter » et gagne des points en réfutant le vrai
DORA;DORA-R-003;OBLIGATION;draft;CRITICAL;F6;CALIBRATED_ABSTENTION;;1;False;calibrated_abstention;MISSING_INFORMATION;4;HIGH;not_retained;;;Article 6 = Cadre de gestion du risque lié aux TIC;RG-DORA-ARTICLE-6-OBLIGATION;exceptions inconnues : on ne peut pas affirmer qu'un cas est indécidable tant qu'on ignore ce que le texte prévoit
DORA;DORA-R-003;OBLIGATION;draft;CRITICAL;F7;CONDITIONAL_ANSWER;;0;False;qualification;NONE;3;CRITICAL;not_retained;;;Article 6 = Cadre de gestion du risque lié aux TIC;RG-DORA-ARTICLE-6-OBLIGATION;règle sans branche : une réponse conditionnelle serait un artifice
DORA;DORA-R-003;OBLIGATION;draft;CRITICAL;F8;TEMPORAL;DORA-R-003-F8;2;True;fact;TEMPORAL_CONFUSION;4;HIGH;blocked;;;Article 6 = Cadre de gestion du risque lié aux TIC;RG-DORA-ARTICLE-6-OBLIGATION;règle marquée sensible au temps : l'entrée en vigueur et le régime applicable à une date donnée se testent
DORA;DORA-R-003;OBLIGATION;draft;CRITICAL;F9;CROSS_REGULATORY;;0;False;qualification;CROSS_REGULATORY_CONFLATION;5;CRITICAL;not_retained;;;Article 6 = Cadre de gestion du risque lié aux TIC;RG-DORA-ARTICLE-6-OBLIGATION;aucun régime voisin : la confusion ne serait pas plausible
DORA;DORA-R-003;OBLIGATION;draft;CRITICAL;F10;EXCEPTION;;0;False;qualification;OVERGENERALIZATION;4;CRITICAL;not_retained;;;Article 6 = Cadre de gestion du risque lié aux TIC;RG-DORA-ARTICLE-6-OBLIGATION;exceptions inconnues : tester une exception qu'on n'a pas cherchée reviendrait à l'inventer
DORA;DORA-R-003;OBLIGATION;draft;CRITICAL;F11;NEGATIVE_ASSERTION;;0;False;false_premise;NEGATIVE_ASSERTION;4;CRITICAL;not_retained;;;Article 6 = Cadre de gestion du risque lié aux TIC;RG-DORA-ARTICLE-6-OBLIGATION;aucune affirmation négative documentée : il n'y a rien à nier
DORA;DORA-R-003;OBLIGATION;draft;CRITICAL;F12;MISSING_INFORMATION;DORA-R-003-F12;2;True;calibrated_abstention;MISSING_INFORMATION;4;HIGH;blocked;;;Article 6 = Cadre de gestion du risque lié aux TIC;RG-DORA-ARTICLE-6-OBLIGATION;l'obligation dépend de faits identifiables : le modèle doit dire lesquels lui manquent
DORA;DORA-R-004;PROCEDURE;draft;HIGH;F1;FACT_RECALL;;1;False;fact;NONE;2;MEDIUM;not_retained;;;Articles 8 à 13 = Identification, protection, détection, réponse et apprentissage;RG-DORA-ARTICLES-8-A-13-PROCEDURE;règle de type PROCEDURE : la restitution porterait sur un dispositif diffus, difficile à noter exactement
DORA;DORA-R-004;PROCEDURE;draft;HIGH;F2;QUALIFICATION;DORA-R-004-F2;2;True;qualification;NONE;4;HIGH;blocked;;;Articles 8 à 13 = Identification, protection, détection, réponse et apprentissage;RG-DORA-ARTICLES-8-A-13-PROCEDURE;la règle se projette sur un cas, avec une réponse tranchable
DORA;DORA-R-004;PROCEDURE;draft;HIGH;F3;CALCULATION;;0;False;calculation;NONE;3;HIGH;not_retained;;;Articles 8 à 13 = Identification, protection, détection, réponse et apprentissage;RG-DORA-ARTICLES-8-A-13-PROCEDURE;aucune computation réelle : un calcul serait fabriqué pour la question
DORA;DORA-R-004;PROCEDURE;draft;HIGH;F4;FALSE_PREMISE;DORA-R-004-F4;3;True;false_premise;FALSE_ARTICLE;4;HIGH;blocked;TG-DORA-R-004;FALSE_TRUE;Articles 8 à 13 = Identification, protection, détection, réponse et apprentissage;RG-DORA-ARTICLES-8-A-13-PROCEDURE;la règle porte un piège d'invention (seuil ou article) : la fausse prémisse s'écrit directement dessus
DORA;DORA-R-004;PROCEDURE;draft;HIGH;F5;TRUE_PREMISE_ADVERSARIAL;DORA-R-004-F5;3;True;true_premise_adversarial;NONE;4;MEDIUM;blocked;TG-DORA-R-004;FALSE_TRUE;Articles 8 à 13 = Identification, protection, détection, réponse et apprentissage;RG-DORA-ARTICLES-8-A-13-PROCEDURE;jumeau obligatoire de la fausse prémisse : sans lui, le modèle apprend « question adversariale ⇒ réfuter » et gagne des points en réfutant le vrai
DORA;DORA-R-004;PROCEDURE;draft;HIGH;F6;CALIBRATED_ABSTENTION;;1;False;calibrated_abstention;MISSING_INFORMATION;4;MEDIUM;not_retained;;;Articles 8 à 13 = Identification, protection, détection, réponse et apprentissage;RG-DORA-ARTICLES-8-A-13-PROCEDURE;exceptions inconnues : on ne peut pas affirmer qu'un cas est indécidable tant qu'on ignore ce que le texte prévoit
DORA;DORA-R-004;PROCEDURE;draft;HIGH;F7;CONDITIONAL_ANSWER;;0;False;qualification;NONE;3;HIGH;not_retained;;;Articles 8 à 13 = Identification, protection, détection, réponse et apprentissage;RG-DORA-ARTICLES-8-A-13-PROCEDURE;règle sans branche : une réponse conditionnelle serait un artifice
DORA;DORA-R-004;PROCEDURE;draft;HIGH;F8;TEMPORAL;;0;False;fact;TEMPORAL_CONFUSION;4;MEDIUM;not_retained;;;Articles 8 à 13 = Identification, protection, détection, réponse et apprentissage;RG-DORA-ARTICLES-8-A-13-PROCEDURE;règle stable et non bornée : une question temporelle porterait sur une date sans enjeu
DORA;DORA-R-004;PROCEDURE;draft;HIGH;F9;CROSS_REGULATORY;;0;False;qualification;CROSS_REGULATORY_CONFLATION;5;HIGH;not_retained;;;Articles 8 à 13 = Identification, protection, détection, réponse et apprentissage;RG-DORA-ARTICLES-8-A-13-PROCEDURE;aucun régime voisin : la confusion ne serait pas plausible
DORA;DORA-R-004;PROCEDURE;draft;HIGH;F10;EXCEPTION;;0;False;qualification;OVERGENERALIZATION;4;HIGH;not_retained;;;Articles 8 à 13 = Identification, protection, détection, réponse et apprentissage;RG-DORA-ARTICLES-8-A-13-PROCEDURE;exceptions inconnues : tester une exception qu'on n'a pas cherchée reviendrait à l'inventer
DORA;DORA-R-004;PROCEDURE;draft;HIGH;F11;NEGATIVE_ASSERTION;;0;False;false_premise;NEGATIVE_ASSERTION;4;HIGH;not_retained;;;Articles 8 à 13 = Identification, protection, détection, réponse et apprentissage;RG-DORA-ARTICLES-8-A-13-PROCEDURE;aucune affirmation négative documentée : il n'y a rien à nier
DORA;DORA-R-004;PROCEDURE;draft;HIGH;F12;MISSING_INFORMATION;DORA-R-004-F12;3;True;calibrated_abstention;MISSING_INFORMATION;4;MEDIUM;blocked;;;Articles 8 à 13 = Identification, protection, détection, réponse et apprentissage;RG-DORA-ARTICLES-8-A-13-PROCEDURE;règle de type PROCEDURE : on peut nommer exactement la donnée qui manque pour conclure
DORA;DORA-R-005;EXCEPTION;draft;HIGH;F1;FACT_RECALL;;1;False;fact;NONE;2;MEDIUM;not_retained;;;Article 16 = Cadre simplifié de gestion du risque TIC;RG-DORA-ARTICLE-16-EXCEPTION;règle de type EXCEPTION : la restitution porterait sur un dispositif diffus, difficile à noter exactement
DORA;DORA-R-005;EXCEPTION;draft;HIGH;F2;QUALIFICATION;DORA-R-005-F2;3;True;qualification;NONE;4;HIGH;blocked;;;Article 16 = Cadre simplifié de gestion du risque TIC;RG-DORA-ARTICLE-16-EXCEPTION;un cas concret tranche : la règle dit qui est concerné et ce qui doit être fait, l'application est vérifiable
DORA;DORA-R-005;EXCEPTION;draft;HIGH;F3;CALCULATION;;0;False;calculation;NONE;3;HIGH;not_retained;;;Article 16 = Cadre simplifié de gestion du risque TIC;RG-DORA-ARTICLE-16-EXCEPTION;aucune computation réelle : un calcul serait fabriqué pour la question
DORA;DORA-R-005;EXCEPTION;draft;HIGH;F4;FALSE_PREMISE;DORA-R-005-F4;3;True;false_premise;FALSE_THRESHOLD;4;HIGH;blocked;TG-DORA-R-005;FALSE_TRUE;Article 16 = Cadre simplifié de gestion du risque TIC;RG-DORA-ARTICLE-16-EXCEPTION;la règle porte un piège d'invention (seuil ou article) : la fausse prémisse s'écrit directement dessus
DORA;DORA-R-005;EXCEPTION;draft;HIGH;F5;TRUE_PREMISE_ADVERSARIAL;DORA-R-005-F5;3;True;true_premise_adversarial;NONE;4;MEDIUM;blocked;TG-DORA-R-005;FALSE_TRUE;Article 16 = Cadre simplifié de gestion du risque TIC;RG-DORA-ARTICLE-16-EXCEPTION;jumeau obligatoire de la fausse prémisse : sans lui, le modèle apprend « question adversariale ⇒ réfuter » et gagne des points en réfutant le vrai
DORA;DORA-R-005;EXCEPTION;draft;HIGH;F6;CALIBRATED_ABSTENTION;;1;False;calibrated_abstention;MISSING_INFORMATION;4;MEDIUM;not_retained;;;Article 16 = Cadre simplifié de gestion du risque TIC;RG-DORA-ARTICLE-16-EXCEPTION;exceptions inconnues : on ne peut pas affirmer qu'un cas est indécidable tant qu'on ignore ce que le texte prévoit
DORA;DORA-R-005;EXCEPTION;draft;HIGH;F7;CONDITIONAL_ANSWER;;0;False;qualification;NONE;3;HIGH;not_retained;;;Article 16 = Cadre simplifié de gestion du risque TIC;RG-DORA-ARTICLE-16-EXCEPTION;règle sans branche : une réponse conditionnelle serait un artifice
DORA;DORA-R-005;EXCEPTION;draft;HIGH;F8;TEMPORAL;;0;False;fact;TEMPORAL_CONFUSION;4;MEDIUM;not_retained;;;Article 16 = Cadre simplifié de gestion du risque TIC;RG-DORA-ARTICLE-16-EXCEPTION;règle stable et non bornée : une question temporelle porterait sur une date sans enjeu
DORA;DORA-R-005;EXCEPTION;draft;HIGH;F9;CROSS_REGULATORY;;0;False;qualification;CROSS_REGULATORY_CONFLATION;5;HIGH;not_retained;;;Article 16 = Cadre simplifié de gestion du risque TIC;RG-DORA-ARTICLE-16-EXCEPTION;aucun régime voisin : la confusion ne serait pas plausible
DORA;DORA-R-005;EXCEPTION;draft;HIGH;F10;EXCEPTION;;0;False;qualification;OVERGENERALIZATION;4;HIGH;not_retained;;;Article 16 = Cadre simplifié de gestion du risque TIC;RG-DORA-ARTICLE-16-EXCEPTION;exceptions inconnues : tester une exception qu'on n'a pas cherchée reviendrait à l'inventer
DORA;DORA-R-005;EXCEPTION;draft;HIGH;F11;NEGATIVE_ASSERTION;;0;False;false_premise;NEGATIVE_ASSERTION;4;HIGH;not_retained;;;Article 16 = Cadre simplifié de gestion du risque TIC;RG-DORA-ARTICLE-16-EXCEPTION;aucune affirmation négative documentée : il n'y a rien à nier
DORA;DORA-R-005;EXCEPTION;draft;HIGH;F12;MISSING_INFORMATION;DORA-R-005-F12;3;True;calibrated_abstention;MISSING_INFORMATION;4;MEDIUM;blocked;;;Article 16 = Cadre simplifié de gestion du risque TIC;RG-DORA-ARTICLE-16-EXCEPTION;règle de type EXCEPTION : on peut nommer exactement la donnée qui manque pour conclure
DORA;DORA-R-006;PROCEDURE;draft;HIGH;F1;FACT_RECALL;;1;False;fact;NONE;2;MEDIUM;not_retained;;;Article 17 = Processus de gestion des incidents liés aux TIC;RG-DORA-ARTICLE-17-PROCEDURE;règle de type PROCEDURE : la restitution porterait sur un dispositif diffus, difficile à noter exactement
DORA;DORA-R-006;PROCEDURE;draft;HIGH;F2;QUALIFICATION;DORA-R-006-F2;2;True;qualification;NONE;4;HIGH;blocked;;;Article 17 = Processus de gestion des incidents liés aux TIC;RG-DORA-ARTICLE-17-PROCEDURE;la règle se projette sur un cas, avec une réponse tranchable
DORA;DORA-R-006;PROCEDURE;draft;HIGH;F3;CALCULATION;;0;False;calculation;NONE;3;HIGH;not_retained;;;Article 17 = Processus de gestion des incidents liés aux TIC;RG-DORA-ARTICLE-17-PROCEDURE;aucune computation réelle : un calcul serait fabriqué pour la question
DORA;DORA-R-006;PROCEDURE;draft;HIGH;F4;FALSE_PREMISE;DORA-R-006-F4;3;True;false_premise;FALSE_ARTICLE;4;HIGH;blocked;TG-DORA-R-006;FALSE_TRUE;Article 17 = Processus de gestion des incidents liés aux TIC;RG-DORA-ARTICLE-17-PROCEDURE;la règle porte un piège d'invention (seuil ou article) : la fausse prémisse s'écrit directement dessus
DORA;DORA-R-006;PROCEDURE;draft;HIGH;F5;TRUE_PREMISE_ADVERSARIAL;DORA-R-006-F5;3;True;true_premise_adversarial;NONE;4;MEDIUM;blocked;TG-DORA-R-006;FALSE_TRUE;Article 17 = Processus de gestion des incidents liés aux TIC;RG-DORA-ARTICLE-17-PROCEDURE;jumeau obligatoire de la fausse prémisse : sans lui, le modèle apprend « question adversariale ⇒ réfuter » et gagne des points en réfutant le vrai
DORA;DORA-R-006;PROCEDURE;draft;HIGH;F6;CALIBRATED_ABSTENTION;;1;False;calibrated_abstention;MISSING_INFORMATION;4;MEDIUM;not_retained;;;Article 17 = Processus de gestion des incidents liés aux TIC;RG-DORA-ARTICLE-17-PROCEDURE;exceptions inconnues : on ne peut pas affirmer qu'un cas est indécidable tant qu'on ignore ce que le texte prévoit
DORA;DORA-R-006;PROCEDURE;draft;HIGH;F7;CONDITIONAL_ANSWER;;0;False;qualification;NONE;3;HIGH;not_retained;;;Article 17 = Processus de gestion des incidents liés aux TIC;RG-DORA-ARTICLE-17-PROCEDURE;règle sans branche : une réponse conditionnelle serait un artifice
DORA;DORA-R-006;PROCEDURE;draft;HIGH;F8;TEMPORAL;;0;False;fact;TEMPORAL_CONFUSION;4;MEDIUM;not_retained;;;Article 17 = Processus de gestion des incidents liés aux TIC;RG-DORA-ARTICLE-17-PROCEDURE;règle stable et non bornée : une question temporelle porterait sur une date sans enjeu
DORA;DORA-R-006;PROCEDURE;draft;HIGH;F9;CROSS_REGULATORY;;0;False;qualification;CROSS_REGULATORY_CONFLATION;5;HIGH;not_retained;;;Article 17 = Processus de gestion des incidents liés aux TIC;RG-DORA-ARTICLE-17-PROCEDURE;aucun régime voisin : la confusion ne serait pas plausible
DORA;DORA-R-006;PROCEDURE;draft;HIGH;F10;EXCEPTION;;0;False;qualification;OVERGENERALIZATION;4;HIGH;not_retained;;;Article 17 = Processus de gestion des incidents liés aux TIC;RG-DORA-ARTICLE-17-PROCEDURE;exceptions inconnues : tester une exception qu'on n'a pas cherchée reviendrait à l'inventer
DORA;DORA-R-006;PROCEDURE;draft;HIGH;F11;NEGATIVE_ASSERTION;;0;False;false_premise;NEGATIVE_ASSERTION;4;HIGH;not_retained;;;Article 17 = Processus de gestion des incidents liés aux TIC;RG-DORA-ARTICLE-17-PROCEDURE;aucune affirmation négative documentée : il n'y a rien à nier
DORA;DORA-R-006;PROCEDURE;draft;HIGH;F12;MISSING_INFORMATION;DORA-R-006-F12;3;True;calibrated_abstention;MISSING_INFORMATION;4;MEDIUM;blocked;;;Article 17 = Processus de gestion des incidents liés aux TIC;RG-DORA-ARTICLE-17-PROCEDURE;règle de type PROCEDURE : on peut nommer exactement la donnée qui manque pour conclure
DORA;DORA-R-007;CLASSIFICATION;draft;CRITICAL;F1;FACT_RECALL;DORA-R-007-F1;3;True;fact;NONE;2;HIGH;blocked;;;Article 18 = Classification des incidents et détermination du caractère majeur;RG-DORA-ARTICLE-18-CLASSIFICATION;règle de type CLASSIFICATION : elle porte un élément restituable exactement (définition, seuil, délai ou périmètre)
DORA;DORA-R-007;CLASSIFICATION;draft;CRITICAL;F2;QUALIFICATION;DORA-R-007-F2;3;True;qualification;NONE;4;CRITICAL;blocked;;;Article 18 = Classification des incidents et détermination du caractère majeur;RG-DORA-ARTICLE-18-CLASSIFICATION;un cas concret tranche : la règle dit qui est concerné et ce qui doit être fait, l'application est vérifiable
DORA;DORA-R-007;CLASSIFICATION;draft;CRITICAL;F3;CALCULATION;;1;False;calculation;NONE;3;CRITICAL;not_retained;;;Article 18 = Classification des incidents et détermination du caractère majeur;RG-DORA-ARTICLE-18-CLASSIFICATION;l'énoncé porte une donnée chiffrée, mais la computation resterait à inventer autour d'elle
DORA;DORA-R-007;CLASSIFICATION;draft;CRITICAL;F4;FALSE_PREMISE;DORA-R-007-F4;3;True;false_premise;FALSE_THRESHOLD;4;CRITICAL;blocked;TG-DORA-R-007;FALSE_TRUE;Article 18 = Classification des incidents et détermination du caractère majeur;RG-DORA-ARTICLE-18-CLASSIFICATION;1 affirmation(s) fausse(s) déjà identifiée(s) sur cette règle : la prémisse est prête à être réfutée, sous réserve de vérifier l'absence
DORA;DORA-R-007;CLASSIFICATION;draft;CRITICAL;F5;TRUE_PREMISE_ADVERSARIAL;DORA-R-007-F5;3;True;true_premise_adversarial;NONE;4;HIGH;blocked;TG-DORA-R-007;FALSE_TRUE;Article 18 = Classification des incidents et détermination du caractère majeur;RG-DORA-ARTICLE-18-CLASSIFICATION;jumeau obligatoire de la fausse prémisse : sans lui, le modèle apprend « question adversariale ⇒ réfuter » et gagne des points en réfutant le vrai
DORA;DORA-R-007;CLASSIFICATION;draft;CRITICAL;F6;CALIBRATED_ABSTENTION;;1;False;calibrated_abstention;MISSING_INFORMATION;4;HIGH;not_retained;;;Article 18 = Classification des incidents et détermination du caractère majeur;RG-DORA-ARTICLE-18-CLASSIFICATION;exceptions inconnues : on ne peut pas affirmer qu'un cas est indécidable tant qu'on ignore ce que le texte prévoit
DORA;DORA-R-007;CLASSIFICATION;draft;CRITICAL;F7;CONDITIONAL_ANSWER;;0;False;qualification;NONE;3;CRITICAL;not_retained;;;Article 18 = Classification des incidents et détermination du caractère majeur;RG-DORA-ARTICLE-18-CLASSIFICATION;règle sans branche : une réponse conditionnelle serait un artifice
DORA;DORA-R-007;CLASSIFICATION;draft;CRITICAL;F8;TEMPORAL;DORA-R-007-F8;2;True;fact;TEMPORAL_CONFUSION;4;HIGH;blocked;;;Article 18 = Classification des incidents et détermination du caractère majeur;RG-DORA-ARTICLE-18-CLASSIFICATION;règle marquée sensible au temps : l'entrée en vigueur et le régime applicable à une date donnée se testent
DORA;DORA-R-007;CLASSIFICATION;draft;CRITICAL;F9;CROSS_REGULATORY;;1;False;qualification;CROSS_REGULATORY_CONFLATION;5;CRITICAL;not_retained;;;Article 18 = Classification des incidents et détermination du caractère majeur;RG-DORA-ARTICLE-18-CLASSIFICATION;piège inter-réglementaire annoncé mais aucun régime voisin nommé : la confusion resterait abstraite
DORA;DORA-R-007;CLASSIFICATION;draft;CRITICAL;F10;EXCEPTION;;0;False;qualification;OVERGENERALIZATION;4;CRITICAL;not_retained;;;Article 18 = Classification des incidents et détermination du caractère majeur;RG-DORA-ARTICLE-18-CLASSIFICATION;exceptions inconnues : tester une exception qu'on n'a pas cherchée reviendrait à l'inventer
DORA;DORA-R-007;CLASSIFICATION;draft;CRITICAL;F11;NEGATIVE_ASSERTION;DORA-R-007-F11;2;True;false_premise;NEGATIVE_ASSERTION;4;CRITICAL;blocked;;;Article 18 = Classification des incidents et détermination du caractère majeur;RG-DORA-ARTICLE-18-CLASSIFICATION;1 affirmation(s) négative(s) identifiée(s), aucune encore vérifiée absente : la famille est prête mais pas sourçable
DORA;DORA-R-007;CLASSIFICATION;draft;CRITICAL;F12;MISSING_INFORMATION;DORA-R-007-F12;3;True;calibrated_abstention;MISSING_INFORMATION;4;HIGH;blocked;;;Article 18 = Classification des incidents et détermination du caractère majeur;RG-DORA-ARTICLE-18-CLASSIFICATION;règle de type CLASSIFICATION : on peut nommer exactement la donnée qui manque pour conclure
DORA;DORA-R-008;DEADLINE;draft;CRITICAL;F1;FACT_RECALL;DORA-R-008-F1;3;True;fact;NONE;2;HIGH;blocked;;;Article 19 = Notification des incidents majeurs à l'autorité compétente;RG-DORA-ARTICLE-19-DEADLINE;règle de type DEADLINE : elle porte un élément restituable exactement (définition, seuil, délai ou périmètre)
DORA;DORA-R-008;DEADLINE;draft;CRITICAL;F2;QUALIFICATION;DORA-R-008-F2;2;True;qualification;NONE;4;CRITICAL;blocked;;;Article 19 = Notification des incidents majeurs à l'autorité compétente;RG-DORA-ARTICLE-19-DEADLINE;la règle se projette sur un cas, avec une réponse tranchable
DORA;DORA-R-008;DEADLINE;draft;CRITICAL;F3;CALCULATION;;0;False;calculation;NONE;3;CRITICAL;not_retained;;;Article 19 = Notification des incidents majeurs à l'autorité compétente;RG-DORA-ARTICLE-19-DEADLINE;aucune computation réelle : un calcul serait fabriqué pour la question
DORA;DORA-R-008;DEADLINE;draft;CRITICAL;F4;FALSE_PREMISE;DORA-R-008-F4;3;True;false_premise;FALSE_THRESHOLD;4;CRITICAL;blocked;TG-DORA-R-008;FALSE_TRUE;Article 19 = Notification des incidents majeurs à l'autorité compétente;RG-DORA-ARTICLE-19-DEADLINE;1 affirmation(s) fausse(s) déjà identifiée(s) sur cette règle : la prémisse est prête à être réfutée, sous réserve de vérifier l'absence
DORA;DORA-R-008;DEADLINE;draft;CRITICAL;F5;TRUE_PREMISE_ADVERSARIAL;DORA-R-008-F5;3;True;true_premise_adversarial;NONE;4;HIGH;blocked;TG-DORA-R-008;FALSE_TRUE;Article 19 = Notification des incidents majeurs à l'autorité compétente;RG-DORA-ARTICLE-19-DEADLINE;jumeau obligatoire de la fausse prémisse : sans lui, le modèle apprend « question adversariale ⇒ réfuter » et gagne des points en réfutant le vrai
DORA;DORA-R-008;DEADLINE;draft;CRITICAL;F6;CALIBRATED_ABSTENTION;;1;False;calibrated_abstention;MISSING_INFORMATION;4;HIGH;not_retained;;;Article 19 = Notification des incidents majeurs à l'autorité compétente;RG-DORA-ARTICLE-19-DEADLINE;exceptions inconnues : on ne peut pas affirmer qu'un cas est indécidable tant qu'on ignore ce que le texte prévoit
DORA;DORA-R-008;DEADLINE;draft;CRITICAL;F7;CONDITIONAL_ANSWER;;0;False;qualification;NONE;3;CRITICAL;not_retained;;;Article 19 = Notification des incidents majeurs à l'autorité compétente;RG-DORA-ARTICLE-19-DEADLINE;règle sans branche : une réponse conditionnelle serait un artifice
DORA;DORA-R-008;DEADLINE;draft;CRITICAL;F8;TEMPORAL;DORA-R-008-F8;2;True;fact;TEMPORAL_CONFUSION;4;HIGH;blocked;;;Article 19 = Notification des incidents majeurs à l'autorité compétente;RG-DORA-ARTICLE-19-DEADLINE;règle marquée sensible au temps : l'entrée en vigueur et le régime applicable à une date donnée se testent
DORA;DORA-R-008;DEADLINE;draft;CRITICAL;F9;CROSS_REGULATORY;;0;False;qualification;CROSS_REGULATORY_CONFLATION;5;CRITICAL;not_retained;;;Article 19 = Notification des incidents majeurs à l'autorité compétente;RG-DORA-ARTICLE-19-DEADLINE;aucun régime voisin : la confusion ne serait pas plausible
DORA;DORA-R-008;DEADLINE;draft;CRITICAL;F10;EXCEPTION;;0;False;qualification;OVERGENERALIZATION;4;CRITICAL;not_retained;;;Article 19 = Notification des incidents majeurs à l'autorité compétente;RG-DORA-ARTICLE-19-DEADLINE;exceptions inconnues : tester une exception qu'on n'a pas cherchée reviendrait à l'inventer
DORA;DORA-R-008;DEADLINE;draft;CRITICAL;F11;NEGATIVE_ASSERTION;DORA-R-008-F11;2;True;false_premise;NEGATIVE_ASSERTION;4;CRITICAL;blocked;;;Article 19 = Notification des incidents majeurs à l'autorité compétente;RG-DORA-ARTICLE-19-DEADLINE;1 affirmation(s) négative(s) identifiée(s), aucune encore vérifiée absente : la famille est prête mais pas sourçable
DORA;DORA-R-008;DEADLINE;draft;CRITICAL;F12;MISSING_INFORMATION;;1;False;calibrated_abstention;MISSING_INFORMATION;4;HIGH;not_retained;;;Article 19 = Notification des incidents majeurs à l'autorité compétente;RG-DORA-ARTICLE-19-DEADLINE;la donnée manquante serait difficile à nommer précisément : la demande d'information resterait vague
DORA;DORA-R-009;OBLIGATION;draft;HIGH;F1;FACT_RECALL;DORA-R-009-F1;2;True;fact;NONE;2;MEDIUM;blocked;;;Articles 24 à 26 = Tests de résilience opérationnelle numérique;RG-DORA-ARTICLES-24-A-26-OBLIGATION;l'obligation elle-même se restitue : qui doit quoi, envers qui
DORA;DORA-R-009;OBLIGATION;draft;HIGH;F2;QUALIFICATION;DORA-R-009-F2;3;True;qualification;NONE;4;HIGH;blocked;;;Articles 24 à 26 = Tests de résilience opérationnelle numérique;RG-DORA-ARTICLES-24-A-26-OBLIGATION;un cas concret tranche : la règle dit qui est concerné et ce qui doit être fait, l'application est vérifiable
DORA;DORA-R-009;OBLIGATION;draft;HIGH;F3;CALCULATION;;0;False;calculation;NONE;3;HIGH;not_retained;;;Articles 24 à 26 = Tests de résilience opérationnelle numérique;RG-DORA-ARTICLES-24-A-26-OBLIGATION;aucune computation réelle : un calcul serait fabriqué pour la question
DORA;DORA-R-009;OBLIGATION;draft;HIGH;F4;FALSE_PREMISE;DORA-R-009-F4;2;True;false_premise;SCOPE_CONFUSION;4;HIGH;blocked;TG-DORA-R-009;SCOPE_TWIN;Articles 24 à 26 = Tests de résilience opérationnelle numérique;RG-DORA-ARTICLES-24-A-26-OBLIGATION;2 confusion(s) typique(s) documentée(s) : chacune se retourne en prémisse fausse plausible
DORA;DORA-R-009;OBLIGATION;draft;HIGH;F5;TRUE_PREMISE_ADVERSARIAL;DORA-R-009-F5;2;True;true_premise_adversarial;NONE;4;MEDIUM;blocked;TG-DORA-R-009;SCOPE_TWIN;Articles 24 à 26 = Tests de résilience opérationnelle numérique;RG-DORA-ARTICLES-24-A-26-OBLIGATION;jumeau obligatoire de la fausse prémisse : sans lui, le modèle apprend « question adversariale ⇒ réfuter » et gagne des points en réfutant le vrai
DORA;DORA-R-009;OBLIGATION;draft;HIGH;F6;CALIBRATED_ABSTENTION;;1;False;calibrated_abstention;MISSING_INFORMATION;4;MEDIUM;not_retained;;;Articles 24 à 26 = Tests de résilience opérationnelle numérique;RG-DORA-ARTICLES-24-A-26-OBLIGATION;exceptions inconnues : on ne peut pas affirmer qu'un cas est indécidable tant qu'on ignore ce que le texte prévoit
DORA;DORA-R-009;OBLIGATION;draft;HIGH;F7;CONDITIONAL_ANSWER;;0;False;qualification;NONE;3;HIGH;not_retained;;;Articles 24 à 26 = Tests de résilience opérationnelle numérique;RG-DORA-ARTICLES-24-A-26-OBLIGATION;règle sans branche : une réponse conditionnelle serait un artifice
DORA;DORA-R-009;OBLIGATION;draft;HIGH;F8;TEMPORAL;;0;False;fact;TEMPORAL_CONFUSION;4;MEDIUM;not_retained;;;Articles 24 à 26 = Tests de résilience opérationnelle numérique;RG-DORA-ARTICLES-24-A-26-OBLIGATION;règle stable et non bornée : une question temporelle porterait sur une date sans enjeu
DORA;DORA-R-009;OBLIGATION;draft;HIGH;F9;CROSS_REGULATORY;;0;False;qualification;CROSS_REGULATORY_CONFLATION;5;HIGH;not_retained;;;Articles 24 à 26 = Tests de résilience opérationnelle numérique;RG-DORA-ARTICLES-24-A-26-OBLIGATION;aucun régime voisin : la confusion ne serait pas plausible
DORA;DORA-R-009;OBLIGATION;draft;HIGH;F10;EXCEPTION;;0;False;qualification;OVERGENERALIZATION;4;HIGH;not_retained;;;Articles 24 à 26 = Tests de résilience opérationnelle numérique;RG-DORA-ARTICLES-24-A-26-OBLIGATION;exceptions inconnues : tester une exception qu'on n'a pas cherchée reviendrait à l'inventer
DORA;DORA-R-009;OBLIGATION;draft;HIGH;F11;NEGATIVE_ASSERTION;;0;False;false_premise;NEGATIVE_ASSERTION;4;HIGH;not_retained;;;Articles 24 à 26 = Tests de résilience opérationnelle numérique;RG-DORA-ARTICLES-24-A-26-OBLIGATION;aucune affirmation négative documentée : il n'y a rien à nier
DORA;DORA-R-009;OBLIGATION;draft;HIGH;F12;MISSING_INFORMATION;DORA-R-009-F12;2;True;calibrated_abstention;MISSING_INFORMATION;4;MEDIUM;blocked;;;Articles 24 à 26 = Tests de résilience opérationnelle numérique;RG-DORA-ARTICLES-24-A-26-OBLIGATION;l'obligation dépend de faits identifiables : le modèle doit dire lesquels lui manquent
DORA;DORA-R-010;RECORD_KEEPING;draft;CRITICAL;F1;FACT_RECALL;;1;False;fact;NONE;2;HIGH;not_retained;;;Article 28 = Registre d'information des accords contractuels TIC;RG-DORA-ARTICLE-28-RECORD_KEEPING;règle de type RECORD_KEEPING : la restitution porterait sur un dispositif diffus, difficile à noter exactement
DORA;DORA-R-010;RECORD_KEEPING;draft;CRITICAL;F2;QUALIFICATION;DORA-R-010-F2;2;True;qualification;NONE;4;CRITICAL;blocked;;;Article 28 = Registre d'information des accords contractuels TIC;RG-DORA-ARTICLE-28-RECORD_KEEPING;la règle se projette sur un cas, avec une réponse tranchable
DORA;DORA-R-010;RECORD_KEEPING;draft;CRITICAL;F3;CALCULATION;;0;False;calculation;NONE;3;CRITICAL;not_retained;;;Article 28 = Registre d'information des accords contractuels TIC;RG-DORA-ARTICLE-28-RECORD_KEEPING;aucune computation réelle : un calcul serait fabriqué pour la question
DORA;DORA-R-010;RECORD_KEEPING;draft;CRITICAL;F4;FALSE_PREMISE;DORA-R-010-F4;2;True;false_premise;SCOPE_CONFUSION;4;CRITICAL;blocked;TG-DORA-R-010;SCOPE_TWIN;Article 28 = Registre d'information des accords contractuels TIC;RG-DORA-ARTICLE-28-RECORD_KEEPING;2 confusion(s) typique(s) documentée(s) : chacune se retourne en prémisse fausse plausible
DORA;DORA-R-010;RECORD_KEEPING;draft;CRITICAL;F5;TRUE_PREMISE_ADVERSARIAL;DORA-R-010-F5;2;True;true_premise_adversarial;NONE;4;HIGH;blocked;TG-DORA-R-010;SCOPE_TWIN;Article 28 = Registre d'information des accords contractuels TIC;RG-DORA-ARTICLE-28-RECORD_KEEPING;jumeau obligatoire de la fausse prémisse : sans lui, le modèle apprend « question adversariale ⇒ réfuter » et gagne des points en réfutant le vrai
DORA;DORA-R-010;RECORD_KEEPING;draft;CRITICAL;F6;CALIBRATED_ABSTENTION;;1;False;calibrated_abstention;MISSING_INFORMATION;4;HIGH;not_retained;;;Article 28 = Registre d'information des accords contractuels TIC;RG-DORA-ARTICLE-28-RECORD_KEEPING;exceptions inconnues : on ne peut pas affirmer qu'un cas est indécidable tant qu'on ignore ce que le texte prévoit
DORA;DORA-R-010;RECORD_KEEPING;draft;CRITICAL;F7;CONDITIONAL_ANSWER;;0;False;qualification;NONE;3;CRITICAL;not_retained;;;Article 28 = Registre d'information des accords contractuels TIC;RG-DORA-ARTICLE-28-RECORD_KEEPING;règle sans branche : une réponse conditionnelle serait un artifice
DORA;DORA-R-010;RECORD_KEEPING;draft;CRITICAL;F8;TEMPORAL;;0;False;fact;TEMPORAL_CONFUSION;4;HIGH;not_retained;;;Article 28 = Registre d'information des accords contractuels TIC;RG-DORA-ARTICLE-28-RECORD_KEEPING;règle stable et non bornée : une question temporelle porterait sur une date sans enjeu
DORA;DORA-R-010;RECORD_KEEPING;draft;CRITICAL;F9;CROSS_REGULATORY;;0;False;qualification;CROSS_REGULATORY_CONFLATION;5;CRITICAL;not_retained;;;Article 28 = Registre d'information des accords contractuels TIC;RG-DORA-ARTICLE-28-RECORD_KEEPING;aucun régime voisin : la confusion ne serait pas plausible
DORA;DORA-R-010;RECORD_KEEPING;draft;CRITICAL;F10;EXCEPTION;;0;False;qualification;OVERGENERALIZATION;4;CRITICAL;not_retained;;;Article 28 = Registre d'information des accords contractuels TIC;RG-DORA-ARTICLE-28-RECORD_KEEPING;exceptions inconnues : tester une exception qu'on n'a pas cherchée reviendrait à l'inventer
DORA;DORA-R-010;RECORD_KEEPING;draft;CRITICAL;F11;NEGATIVE_ASSERTION;;0;False;false_premise;NEGATIVE_ASSERTION;4;CRITICAL;not_retained;;;Article 28 = Registre d'information des accords contractuels TIC;RG-DORA-ARTICLE-28-RECORD_KEEPING;aucune affirmation négative documentée : il n'y a rien à nier
DORA;DORA-R-010;RECORD_KEEPING;draft;CRITICAL;F12;MISSING_INFORMATION;;1;False;calibrated_abstention;MISSING_INFORMATION;4;HIGH;not_retained;;;Article 28 = Registre d'information des accords contractuels TIC;RG-DORA-ARTICLE-28-RECORD_KEEPING;la donnée manquante serait difficile à nommer précisément : la demande d'information resterait vague
DORA;DORA-R-011;OBLIGATION;draft;CRITICAL;F1;FACT_RECALL;DORA-R-011-F1;2;True;fact;NONE;2;HIGH;blocked;;;Article 30 = Dispositions contractuelles essentielles avec les prestataires TIC;RG-DORA-ARTICLE-30-OBLIGATION;l'obligation elle-même se restitue : qui doit quoi, envers qui
DORA;DORA-R-011;OBLIGATION;draft;CRITICAL;F2;QUALIFICATION;DORA-R-011-F2;3;True;qualification;NONE;4;CRITICAL;blocked;;;Article 30 = Dispositions contractuelles essentielles avec les prestataires TIC;RG-DORA-ARTICLE-30-OBLIGATION;un cas concret tranche : la règle dit qui est concerné et ce qui doit être fait, l'application est vérifiable
DORA;DORA-R-011;OBLIGATION;draft;CRITICAL;F3;CALCULATION;;0;False;calculation;NONE;3;CRITICAL;not_retained;;;Article 30 = Dispositions contractuelles essentielles avec les prestataires TIC;RG-DORA-ARTICLE-30-OBLIGATION;aucune computation réelle : un calcul serait fabriqué pour la question
DORA;DORA-R-011;OBLIGATION;draft;CRITICAL;F4;FALSE_PREMISE;DORA-R-011-F4;2;True;false_premise;SCOPE_CONFUSION;4;CRITICAL;blocked;TG-DORA-R-011;SCOPE_TWIN;Article 30 = Dispositions contractuelles essentielles avec les prestataires TIC;RG-DORA-ARTICLE-30-OBLIGATION;3 confusion(s) typique(s) documentée(s) : chacune se retourne en prémisse fausse plausible
DORA;DORA-R-011;OBLIGATION;draft;CRITICAL;F5;TRUE_PREMISE_ADVERSARIAL;DORA-R-011-F5;2;True;true_premise_adversarial;NONE;4;HIGH;blocked;TG-DORA-R-011;SCOPE_TWIN;Article 30 = Dispositions contractuelles essentielles avec les prestataires TIC;RG-DORA-ARTICLE-30-OBLIGATION;jumeau obligatoire de la fausse prémisse : sans lui, le modèle apprend « question adversariale ⇒ réfuter » et gagne des points en réfutant le vrai
DORA;DORA-R-011;OBLIGATION;draft;CRITICAL;F6;CALIBRATED_ABSTENTION;;1;False;calibrated_abstention;MISSING_INFORMATION;4;HIGH;not_retained;;;Article 30 = Dispositions contractuelles essentielles avec les prestataires TIC;RG-DORA-ARTICLE-30-OBLIGATION;exceptions inconnues : on ne peut pas affirmer qu'un cas est indécidable tant qu'on ignore ce que le texte prévoit
DORA;DORA-R-011;OBLIGATION;draft;CRITICAL;F7;CONDITIONAL_ANSWER;DORA-R-011-F7;2;True;qualification;NONE;3;CRITICAL;blocked;;;Article 30 = Dispositions contractuelles essentielles avec les prestataires TIC;RG-DORA-ARTICLE-30-OBLIGATION;l'énoncé se branche selon les faits : la bonne réponse dit « si A alors X, si B alors Y »
DORA;DORA-R-011;OBLIGATION;draft;CRITICAL;F8;TEMPORAL;;0;False;fact;TEMPORAL_CONFUSION;4;HIGH;not_retained;;;Article 30 = Dispositions contractuelles essentielles avec les prestataires TIC;RG-DORA-ARTICLE-30-OBLIGATION;règle stable et non bornée : une question temporelle porterait sur une date sans enjeu
DORA;DORA-R-011;OBLIGATION;draft;CRITICAL;F9;CROSS_REGULATORY;;0;False;qualification;CROSS_REGULATORY_CONFLATION;5;CRITICAL;not_retained;;;Article 30 = Dispositions contractuelles essentielles avec les prestataires TIC;RG-DORA-ARTICLE-30-OBLIGATION;aucun régime voisin : la confusion ne serait pas plausible
DORA;DORA-R-011;OBLIGATION;draft;CRITICAL;F10;EXCEPTION;;0;False;qualification;OVERGENERALIZATION;4;CRITICAL;not_retained;;;Article 30 = Dispositions contractuelles essentielles avec les prestataires TIC;RG-DORA-ARTICLE-30-OBLIGATION;exceptions inconnues : tester une exception qu'on n'a pas cherchée reviendrait à l'inventer
DORA;DORA-R-011;OBLIGATION;draft;CRITICAL;F11;NEGATIVE_ASSERTION;;0;False;false_premise;NEGATIVE_ASSERTION;4;CRITICAL;not_retained;;;Article 30 = Dispositions contractuelles essentielles avec les prestataires TIC;RG-DORA-ARTICLE-30-OBLIGATION;aucune affirmation négative documentée : il n'y a rien à nier
DORA;DORA-R-011;OBLIGATION;draft;CRITICAL;F12;MISSING_INFORMATION;DORA-R-011-F12;2;True;calibrated_abstention;MISSING_INFORMATION;4;HIGH;blocked;;;Article 30 = Dispositions contractuelles essentielles avec les prestataires TIC;RG-DORA-ARTICLE-30-OBLIGATION;l'obligation dépend de faits identifiables : le modèle doit dire lesquels lui manquent
DORA;DORA-R-012;CLASSIFICATION;draft;HIGH;F1;FACT_RECALL;DORA-R-012-F1;3;True;fact;NONE;2;MEDIUM;blocked;;;Article 31 = Désignation des prestataires tiers critiques de services TIC;RG-DORA-ARTICLE-31-CLASSIFICATION;règle de type CLASSIFICATION : elle porte un élément restituable exactement (définition, seuil, délai ou périmètre)
DORA;DORA-R-012;CLASSIFICATION;draft;HIGH;F2;QUALIFICATION;DORA-R-012-F2;3;True;qualification;NONE;4;HIGH;blocked;;;Article 31 = Désignation des prestataires tiers critiques de services TIC;RG-DORA-ARTICLE-31-CLASSIFICATION;un cas concret tranche : la règle dit qui est concerné et ce qui doit être fait, l'application est vérifiable
DORA;DORA-R-012;CLASSIFICATION;draft;HIGH;F3;CALCULATION;;0;False;calculation;NONE;3;HIGH;not_retained;;;Article 31 = Désignation des prestataires tiers critiques de services TIC;RG-DORA-ARTICLE-31-CLASSIFICATION;aucune computation réelle : un calcul serait fabriqué pour la question
DORA;DORA-R-012;CLASSIFICATION;draft;HIGH;F4;FALSE_PREMISE;DORA-R-012-F4;2;True;false_premise;SCOPE_CONFUSION;4;HIGH;blocked;TG-DORA-R-012;SCOPE_TWIN;Article 31 = Désignation des prestataires tiers critiques de services TIC;RG-DORA-ARTICLE-31-CLASSIFICATION;2 confusion(s) typique(s) documentée(s) : chacune se retourne en prémisse fausse plausible
DORA;DORA-R-012;CLASSIFICATION;draft;HIGH;F5;TRUE_PREMISE_ADVERSARIAL;DORA-R-012-F5;2;True;true_premise_adversarial;NONE;4;MEDIUM;blocked;TG-DORA-R-012;SCOPE_TWIN;Article 31 = Désignation des prestataires tiers critiques de services TIC;RG-DORA-ARTICLE-31-CLASSIFICATION;jumeau obligatoire de la fausse prémisse : sans lui, le modèle apprend « question adversariale ⇒ réfuter » et gagne des points en réfutant le vrai
DORA;DORA-R-012;CLASSIFICATION;draft;HIGH;F6;CALIBRATED_ABSTENTION;;1;False;calibrated_abstention;MISSING_INFORMATION;4;MEDIUM;not_retained;;;Article 31 = Désignation des prestataires tiers critiques de services TIC;RG-DORA-ARTICLE-31-CLASSIFICATION;exceptions inconnues : on ne peut pas affirmer qu'un cas est indécidable tant qu'on ignore ce que le texte prévoit
DORA;DORA-R-012;CLASSIFICATION;draft;HIGH;F7;CONDITIONAL_ANSWER;;0;False;qualification;NONE;3;HIGH;not_retained;;;Article 31 = Désignation des prestataires tiers critiques de services TIC;RG-DORA-ARTICLE-31-CLASSIFICATION;règle sans branche : une réponse conditionnelle serait un artifice
DORA;DORA-R-012;CLASSIFICATION;draft;HIGH;F8;TEMPORAL;;0;False;fact;TEMPORAL_CONFUSION;4;MEDIUM;not_retained;;;Article 31 = Désignation des prestataires tiers critiques de services TIC;RG-DORA-ARTICLE-31-CLASSIFICATION;règle stable et non bornée : une question temporelle porterait sur une date sans enjeu
DORA;DORA-R-012;CLASSIFICATION;draft;HIGH;F9;CROSS_REGULATORY;;0;False;qualification;CROSS_REGULATORY_CONFLATION;5;HIGH;not_retained;;;Article 31 = Désignation des prestataires tiers critiques de services TIC;RG-DORA-ARTICLE-31-CLASSIFICATION;aucun régime voisin : la confusion ne serait pas plausible
DORA;DORA-R-012;CLASSIFICATION;draft;HIGH;F10;EXCEPTION;;0;False;qualification;OVERGENERALIZATION;4;HIGH;not_retained;;;Article 31 = Désignation des prestataires tiers critiques de services TIC;RG-DORA-ARTICLE-31-CLASSIFICATION;exceptions inconnues : tester une exception qu'on n'a pas cherchée reviendrait à l'inventer
DORA;DORA-R-012;CLASSIFICATION;draft;HIGH;F11;NEGATIVE_ASSERTION;;0;False;false_premise;NEGATIVE_ASSERTION;4;HIGH;not_retained;;;Article 31 = Désignation des prestataires tiers critiques de services TIC;RG-DORA-ARTICLE-31-CLASSIFICATION;aucune affirmation négative documentée : il n'y a rien à nier
DORA;DORA-R-012;CLASSIFICATION;draft;HIGH;F12;MISSING_INFORMATION;DORA-R-012-F12;3;True;calibrated_abstention;MISSING_INFORMATION;4;MEDIUM;blocked;;;Article 31 = Désignation des prestataires tiers critiques de services TIC;RG-DORA-ARTICLE-31-CLASSIFICATION;règle de type CLASSIFICATION : on peut nommer exactement la donnée qui manque pour conclure
DORA;DORA-R-013;DEADLINE;draft;HIGH;F1;FACT_RECALL;DORA-R-013-F1;3;True;fact;NONE;2;MEDIUM;blocked;;;Article 64 = Date d'application du règlement DORA;RG-DORA-ARTICLE-64-DEADLINE;règle de type DEADLINE : elle porte un élément restituable exactement (définition, seuil, délai ou périmètre)
DORA;DORA-R-013;DEADLINE;draft;HIGH;F2;QUALIFICATION;DORA-R-013-F2;2;True;qualification;NONE;4;HIGH;blocked;;;Article 64 = Date d'application du règlement DORA;RG-DORA-ARTICLE-64-DEADLINE;la règle se projette sur un cas, avec une réponse tranchable
DORA;DORA-R-013;DEADLINE;draft;HIGH;F3;CALCULATION;;0;False;calculation;NONE;3;HIGH;not_retained;;;Article 64 = Date d'application du règlement DORA;RG-DORA-ARTICLE-64-DEADLINE;aucune computation réelle : un calcul serait fabriqué pour la question
DORA;DORA-R-013;DEADLINE;draft;HIGH;F4;FALSE_PREMISE;DORA-R-013-F4;2;True;false_premise;DEFINITION_DRIFT;4;HIGH;blocked;TG-DORA-R-013;FALSE_TRUE;Article 64 = Date d'application du règlement DORA;RG-DORA-ARTICLE-64-DEADLINE;2 confusion(s) typique(s) documentée(s) : chacune se retourne en prémisse fausse plausible
DORA;DORA-R-013;DEADLINE;draft;HIGH;F5;TRUE_PREMISE_ADVERSARIAL;DORA-R-013-F5;2;True;true_premise_adversarial;NONE;4;MEDIUM;blocked;TG-DORA-R-013;FALSE_TRUE;Article 64 = Date d'application du règlement DORA;RG-DORA-ARTICLE-64-DEADLINE;jumeau obligatoire de la fausse prémisse : sans lui, le modèle apprend « question adversariale ⇒ réfuter » et gagne des points en réfutant le vrai
DORA;DORA-R-013;DEADLINE;draft;HIGH;F6;CALIBRATED_ABSTENTION;DORA-R-013-F6;2;True;calibrated_abstention;MISSING_INFORMATION;4;MEDIUM;blocked;;;Article 64 = Date d'application du règlement DORA;RG-DORA-ARTICLE-64-DEADLINE;un cas amputé d'une donnée décisive ne peut pas être tranché sous cette règle
DORA;DORA-R-013;DEADLINE;draft;HIGH;F7;CONDITIONAL_ANSWER;;0;False;qualification;NONE;3;HIGH;not_retained;;;Article 64 = Date d'application du règlement DORA;RG-DORA-ARTICLE-64-DEADLINE;règle sans branche : une réponse conditionnelle serait un artifice
DORA;DORA-R-013;DEADLINE;draft;HIGH;F8;TEMPORAL;DORA-R-013-F8;2;True;fact;TEMPORAL_CONFUSION;4;MEDIUM;blocked;;;Article 64 = Date d'application du règlement DORA;RG-DORA-ARTICLE-64-DEADLINE;règle marquée sensible au temps : l'entrée en vigueur et le régime applicable à une date donnée se testent
DORA;DORA-R-013;DEADLINE;draft;HIGH;F9;CROSS_REGULATORY;;0;False;qualification;CROSS_REGULATORY_CONFLATION;5;HIGH;not_retained;;;Article 64 = Date d'application du règlement DORA;RG-DORA-ARTICLE-64-DEADLINE;aucun régime voisin : la confusion ne serait pas plausible
DORA;DORA-R-013;DEADLINE;draft;HIGH;F10;EXCEPTION;;1;False;qualification;OVERGENERALIZATION;4;HIGH;not_retained;;;Article 64 = Date d'application du règlement DORA;RG-DORA-ARTICLE-64-DEADLINE;aucune exception identifiée : la famille ne pourrait tester qu'une confirmation d'absence, à sourcer comme connaissance négative
DORA;DORA-R-013;DEADLINE;draft;HIGH;F11;NEGATIVE_ASSERTION;;0;False;false_premise;NEGATIVE_ASSERTION;4;HIGH;not_retained;;;Article 64 = Date d'application du règlement DORA;RG-DORA-ARTICLE-64-DEADLINE;aucune affirmation négative documentée : il n'y a rien à nier
DORA;DORA-R-013;DEADLINE;draft;HIGH;F12;MISSING_INFORMATION;;1;False;calibrated_abstention;MISSING_INFORMATION;4;MEDIUM;not_retained;;;Article 64 = Date d'application du règlement DORA;RG-DORA-ARTICLE-64-DEADLINE;la donnée manquante serait difficile à nommer précisément : la demande d'information resterait vague
LCBFT;LCBFT-R-001;SCOPE;draft;CRITICAL;F1;FACT_RECALL;LCBFT-R-001-F1;3;True;fact;NONE;2;HIGH;blocked;;;Article L.561-2 = Périmètre des personnes assujetties;RG-LCBFT-ARTICLE-L-561-2-SCOPE;règle de type SCOPE : elle porte un élément restituable exactement (définition, seuil, délai ou périmètre)
LCBFT;LCBFT-R-001;SCOPE;draft;CRITICAL;F2;QUALIFICATION;LCBFT-R-001-F2;3;True;qualification;NONE;4;CRITICAL;blocked;;;Article L.561-2 = Périmètre des personnes assujetties;RG-LCBFT-ARTICLE-L-561-2-SCOPE;un cas concret tranche : la règle dit qui est concerné et ce qui doit être fait, l'application est vérifiable
LCBFT;LCBFT-R-001;SCOPE;draft;CRITICAL;F3;CALCULATION;;0;False;calculation;NONE;3;CRITICAL;not_retained;;;Article L.561-2 = Périmètre des personnes assujetties;RG-LCBFT-ARTICLE-L-561-2-SCOPE;aucune computation réelle : un calcul serait fabriqué pour la question
LCBFT;LCBFT-R-001;SCOPE;draft;CRITICAL;F4;FALSE_PREMISE;LCBFT-R-001-F4;2;True;false_premise;SCOPE_CONFUSION;4;CRITICAL;blocked;TG-LCBFT-R-001;SCOPE_TWIN;Article L.561-2 = Périmètre des personnes assujetties;RG-LCBFT-ARTICLE-L-561-2-SCOPE;2 confusion(s) typique(s) documentée(s) : chacune se retourne en prémisse fausse plausible
LCBFT;LCBFT-R-001;SCOPE;draft;CRITICAL;F5;TRUE_PREMISE_ADVERSARIAL;LCBFT-R-001-F5;2;True;true_premise_adversarial;NONE;4;HIGH;blocked;TG-LCBFT-R-001;SCOPE_TWIN;Article L.561-2 = Périmètre des personnes assujetties;RG-LCBFT-ARTICLE-L-561-2-SCOPE;jumeau obligatoire de la fausse prémisse : sans lui, le modèle apprend « question adversariale ⇒ réfuter » et gagne des points en réfutant le vrai
LCBFT;LCBFT-R-001;SCOPE;draft;CRITICAL;F6;CALIBRATED_ABSTENTION;;1;False;calibrated_abstention;MISSING_INFORMATION;4;HIGH;not_retained;;;Article L.561-2 = Périmètre des personnes assujetties;RG-LCBFT-ARTICLE-L-561-2-SCOPE;exceptions inconnues : on ne peut pas affirmer qu'un cas est indécidable tant qu'on ignore ce que le texte prévoit
LCBFT;LCBFT-R-001;SCOPE;draft;CRITICAL;F7;CONDITIONAL_ANSWER;;0;False;qualification;NONE;3;CRITICAL;not_retained;;;Article L.561-2 = Périmètre des personnes assujetties;RG-LCBFT-ARTICLE-L-561-2-SCOPE;règle sans branche : une réponse conditionnelle serait un artifice
LCBFT;LCBFT-R-001;SCOPE;draft;CRITICAL;F8;TEMPORAL;;0;False;fact;TEMPORAL_CONFUSION;4;HIGH;not_retained;;;Article L.561-2 = Périmètre des personnes assujetties;RG-LCBFT-ARTICLE-L-561-2-SCOPE;règle stable et non bornée : une question temporelle porterait sur une date sans enjeu
LCBFT;LCBFT-R-001;SCOPE;draft;CRITICAL;F9;CROSS_REGULATORY;;1;False;qualification;CROSS_REGULATORY_CONFLATION;5;CRITICAL;not_retained;;;Article L.561-2 = Périmètre des personnes assujetties;RG-LCBFT-ARTICLE-L-561-2-SCOPE;piège inter-réglementaire annoncé mais aucun régime voisin nommé : la confusion resterait abstraite
LCBFT;LCBFT-R-001;SCOPE;draft;CRITICAL;F10;EXCEPTION;;0;False;qualification;OVERGENERALIZATION;4;CRITICAL;not_retained;;;Article L.561-2 = Périmètre des personnes assujetties;RG-LCBFT-ARTICLE-L-561-2-SCOPE;exceptions inconnues : tester une exception qu'on n'a pas cherchée reviendrait à l'inventer
LCBFT;LCBFT-R-001;SCOPE;draft;CRITICAL;F11;NEGATIVE_ASSERTION;;0;False;false_premise;NEGATIVE_ASSERTION;4;CRITICAL;not_retained;;;Article L.561-2 = Périmètre des personnes assujetties;RG-LCBFT-ARTICLE-L-561-2-SCOPE;aucune affirmation négative documentée : il n'y a rien à nier
LCBFT;LCBFT-R-001;SCOPE;draft;CRITICAL;F12;MISSING_INFORMATION;LCBFT-R-001-F12;3;True;calibrated_abstention;MISSING_INFORMATION;4;HIGH;blocked;;;Article L.561-2 = Périmètre des personnes assujetties;RG-LCBFT-ARTICLE-L-561-2-SCOPE;règle de type SCOPE : on peut nommer exactement la donnée qui manque pour conclure
LCBFT;LCBFT-R-002;OBLIGATION;draft;CRITICAL;F1;FACT_RECALL;LCBFT-R-002-F1;2;True;fact;NONE;2;HIGH;blocked;;;Article L.561-4-1 = Classification des risques;RG-LCBFT-ARTICLE-L-561-4-1-OBLIGATION;l'obligation elle-même se restitue : qui doit quoi, envers qui
LCBFT;LCBFT-R-002;OBLIGATION;draft;CRITICAL;F2;QUALIFICATION;LCBFT-R-002-F2;3;True;qualification;NONE;4;CRITICAL;blocked;;;Article L.561-4-1 = Classification des risques;RG-LCBFT-ARTICLE-L-561-4-1-OBLIGATION;un cas concret tranche : la règle dit qui est concerné et ce qui doit être fait, l'application est vérifiable
LCBFT;LCBFT-R-002;OBLIGATION;draft;CRITICAL;F3;CALCULATION;;0;False;calculation;NONE;3;CRITICAL;not_retained;;;Article L.561-4-1 = Classification des risques;RG-LCBFT-ARTICLE-L-561-4-1-OBLIGATION;aucune computation réelle : un calcul serait fabriqué pour la question
LCBFT;LCBFT-R-002;OBLIGATION;draft;CRITICAL;F4;FALSE_PREMISE;LCBFT-R-002-F4;2;True;false_premise;CONCEPT_CONFLATION;4;CRITICAL;blocked;TG-LCBFT-R-002;FALSE_TRUE;Article L.561-4-1 = Classification des risques;RG-LCBFT-ARTICLE-L-561-4-1-OBLIGATION;2 confusion(s) typique(s) documentée(s) : chacune se retourne en prémisse fausse plausible
LCBFT;LCBFT-R-002;OBLIGATION;draft;CRITICAL;F5;TRUE_PREMISE_ADVERSARIAL;LCBFT-R-002-F5;2;True;true_premise_adversarial;NONE;4;HIGH;blocked;TG-LCBFT-R-002;FALSE_TRUE;Article L.561-4-1 = Classification des risques;RG-LCBFT-ARTICLE-L-561-4-1-OBLIGATION;jumeau obligatoire de la fausse prémisse : sans lui, le modèle apprend « question adversariale ⇒ réfuter » et gagne des points en réfutant le vrai
LCBFT;LCBFT-R-002;OBLIGATION;draft;CRITICAL;F6;CALIBRATED_ABSTENTION;;1;False;calibrated_abstention;MISSING_INFORMATION;4;HIGH;not_retained;;;Article L.561-4-1 = Classification des risques;RG-LCBFT-ARTICLE-L-561-4-1-OBLIGATION;exceptions inconnues : on ne peut pas affirmer qu'un cas est indécidable tant qu'on ignore ce que le texte prévoit
LCBFT;LCBFT-R-002;OBLIGATION;draft;CRITICAL;F7;CONDITIONAL_ANSWER;;0;False;qualification;NONE;3;CRITICAL;not_retained;;;Article L.561-4-1 = Classification des risques;RG-LCBFT-ARTICLE-L-561-4-1-OBLIGATION;règle sans branche : une réponse conditionnelle serait un artifice
LCBFT;LCBFT-R-002;OBLIGATION;draft;CRITICAL;F8;TEMPORAL;;0;False;fact;TEMPORAL_CONFUSION;4;HIGH;not_retained;;;Article L.561-4-1 = Classification des risques;RG-LCBFT-ARTICLE-L-561-4-1-OBLIGATION;règle stable et non bornée : une question temporelle porterait sur une date sans enjeu
LCBFT;LCBFT-R-002;OBLIGATION;draft;CRITICAL;F9;CROSS_REGULATORY;;0;False;qualification;CROSS_REGULATORY_CONFLATION;5;CRITICAL;not_retained;;;Article L.561-4-1 = Classification des risques;RG-LCBFT-ARTICLE-L-561-4-1-OBLIGATION;aucun régime voisin : la confusion ne serait pas plausible
LCBFT;LCBFT-R-002;OBLIGATION;draft;CRITICAL;F10;EXCEPTION;;0;False;qualification;OVERGENERALIZATION;4;CRITICAL;not_retained;;;Article L.561-4-1 = Classification des risques;RG-LCBFT-ARTICLE-L-561-4-1-OBLIGATION;exceptions inconnues : tester une exception qu'on n'a pas cherchée reviendrait à l'inventer
LCBFT;LCBFT-R-002;OBLIGATION;draft;CRITICAL;F11;NEGATIVE_ASSERTION;;0;False;false_premise;NEGATIVE_ASSERTION;4;CRITICAL;not_retained;;;Article L.561-4-1 = Classification des risques;RG-LCBFT-ARTICLE-L-561-4-1-OBLIGATION;aucune affirmation négative documentée : il n'y a rien à nier
LCBFT;LCBFT-R-002;OBLIGATION;draft;CRITICAL;F12;MISSING_INFORMATION;LCBFT-R-002-F12;2;True;calibrated_abstention;MISSING_INFORMATION;4;HIGH;blocked;;;Article L.561-4-1 = Classification des risques;RG-LCBFT-ARTICLE-L-561-4-1-OBLIGATION;l'obligation dépend de faits identifiables : le modèle doit dire lesquels lui manquent
LCBFT;LCBFT-R-003;OBLIGATION;draft;CRITICAL;F1;FACT_RECALL;LCBFT-R-003-F1;2;True;fact;NONE;2;HIGH;blocked;;;Article L.561-5 = Identification et vérification avant l'entrée en relation d'affaires;RG-LCBFT-ARTICLE-L-561-5-OBLIGATION;l'obligation elle-même se restitue : qui doit quoi, envers qui
LCBFT;LCBFT-R-003;OBLIGATION;draft;CRITICAL;F2;QUALIFICATION;LCBFT-R-003-F2;3;True;qualification;NONE;4;CRITICAL;blocked;;;Article L.561-5 = Identification et vérification avant l'entrée en relation d'affaires;RG-LCBFT-ARTICLE-L-561-5-OBLIGATION;un cas concret tranche : la règle dit qui est concerné et ce qui doit être fait, l'application est vérifiable
LCBFT;LCBFT-R-003;OBLIGATION;draft;CRITICAL;F3;CALCULATION;;0;False;calculation;NONE;3;CRITICAL;not_retained;;;Article L.561-5 = Identification et vérification avant l'entrée en relation d'affaires;RG-LCBFT-ARTICLE-L-561-5-OBLIGATION;aucune computation réelle : un calcul serait fabriqué pour la question
LCBFT;LCBFT-R-003;OBLIGATION;draft;CRITICAL;F4;FALSE_PREMISE;LCBFT-R-003-F4;2;True;false_premise;CONCEPT_CONFLATION;4;CRITICAL;blocked;TG-LCBFT-R-003;FALSE_TRUE;Article L.561-5 = Identification et vérification avant l'entrée en relation d'affaires;RG-LCBFT-ARTICLE-L-561-5-OBLIGATION;3 confusion(s) typique(s) documentée(s) : chacune se retourne en prémisse fausse plausible
LCBFT;LCBFT-R-003;OBLIGATION;draft;CRITICAL;F5;TRUE_PREMISE_ADVERSARIAL;LCBFT-R-003-F5;2;True;true_premise_adversarial;NONE;4;HIGH;blocked;TG-LCBFT-R-003;FALSE_TRUE;Article L.561-5 = Identification et vérification avant l'entrée en relation d'affaires;RG-LCBFT-ARTICLE-L-561-5-OBLIGATION;jumeau obligatoire de la fausse prémisse : sans lui, le modèle apprend « question adversariale ⇒ réfuter » et gagne des points en réfutant le vrai
LCBFT;LCBFT-R-003;OBLIGATION;draft;CRITICAL;F6;CALIBRATED_ABSTENTION;;1;False;calibrated_abstention;MISSING_INFORMATION;4;HIGH;not_retained;;;Article L.561-5 = Identification et vérification avant l'entrée en relation d'affaires;RG-LCBFT-ARTICLE-L-561-5-OBLIGATION;exceptions inconnues : on ne peut pas affirmer qu'un cas est indécidable tant qu'on ignore ce que le texte prévoit
LCBFT;LCBFT-R-003;OBLIGATION;draft;CRITICAL;F7;CONDITIONAL_ANSWER;;0;False;qualification;NONE;3;CRITICAL;not_retained;;;Article L.561-5 = Identification et vérification avant l'entrée en relation d'affaires;RG-LCBFT-ARTICLE-L-561-5-OBLIGATION;règle sans branche : une réponse conditionnelle serait un artifice
LCBFT;LCBFT-R-003;OBLIGATION;draft;CRITICAL;F8;TEMPORAL;LCBFT-R-003-F8;2;True;fact;TEMPORAL_CONFUSION;4;HIGH;blocked;;;Article L.561-5 = Identification et vérification avant l'entrée en relation d'affaires;RG-LCBFT-ARTICLE-L-561-5-OBLIGATION;piège de confusion temporelle documenté sur cette règle
LCBFT;LCBFT-R-003;OBLIGATION;draft;CRITICAL;F9;CROSS_REGULATORY;;0;False;qualification;CROSS_REGULATORY_CONFLATION;5;CRITICAL;not_retained;;;Article L.561-5 = Identification et vérification avant l'entrée en relation d'affaires;RG-LCBFT-ARTICLE-L-561-5-OBLIGATION;aucun régime voisin : la confusion ne serait pas plausible
LCBFT;LCBFT-R-003;OBLIGATION;draft;CRITICAL;F10;EXCEPTION;;0;False;qualification;OVERGENERALIZATION;4;CRITICAL;not_retained;;;Article L.561-5 = Identification et vérification avant l'entrée en relation d'affaires;RG-LCBFT-ARTICLE-L-561-5-OBLIGATION;exceptions inconnues : tester une exception qu'on n'a pas cherchée reviendrait à l'inventer
LCBFT;LCBFT-R-003;OBLIGATION;draft;CRITICAL;F11;NEGATIVE_ASSERTION;;0;False;false_premise;NEGATIVE_ASSERTION;4;CRITICAL;not_retained;;;Article L.561-5 = Identification et vérification avant l'entrée en relation d'affaires;RG-LCBFT-ARTICLE-L-561-5-OBLIGATION;aucune affirmation négative documentée : il n'y a rien à nier
LCBFT;LCBFT-R-003;OBLIGATION;draft;CRITICAL;F12;MISSING_INFORMATION;LCBFT-R-003-F12;2;True;calibrated_abstention;MISSING_INFORMATION;4;HIGH;blocked;;;Article L.561-5 = Identification et vérification avant l'entrée en relation d'affaires;RG-LCBFT-ARTICLE-L-561-5-OBLIGATION;l'obligation dépend de faits identifiables : le modèle doit dire lesquels lui manquent
LCBFT;LCBFT-R-004;OBLIGATION;draft;HIGH;F1;FACT_RECALL;LCBFT-R-004-F1;2;True;fact;NONE;2;MEDIUM;blocked;;;Article L.561-5-1 = Recueil d'informations sur l'objet et la nature de la relation d'affaires;RG-LCBFT-ARTICLE-L-561-5-1-OBLIGATION;l'obligation elle-même se restitue : qui doit quoi, envers qui
LCBFT;LCBFT-R-004;OBLIGATION;draft;HIGH;F2;QUALIFICATION;LCBFT-R-004-F2;3;True;qualification;NONE;4;HIGH;blocked;;;Article L.561-5-1 = Recueil d'informations sur l'objet et la nature de la relation d'affaires;RG-LCBFT-ARTICLE-L-561-5-1-OBLIGATION;un cas concret tranche : la règle dit qui est concerné et ce qui doit être fait, l'application est vérifiable
LCBFT;LCBFT-R-004;OBLIGATION;draft;HIGH;F3;CALCULATION;;0;False;calculation;NONE;3;HIGH;not_retained;;;Article L.561-5-1 = Recueil d'informations sur l'objet et la nature de la relation d'affaires;RG-LCBFT-ARTICLE-L-561-5-1-OBLIGATION;aucune computation réelle : un calcul serait fabriqué pour la question
LCBFT;LCBFT-R-004;OBLIGATION;draft;HIGH;F4;FALSE_PREMISE;LCBFT-R-004-F4;2;True;false_premise;CONCEPT_CONFLATION;4;HIGH;blocked;TG-LCBFT-R-004;FALSE_TRUE;Article L.561-5-1 = Recueil d'informations sur l'objet et la nature de la relation d'affaires;RG-LCBFT-ARTICLE-L-561-5-1-OBLIGATION;1 confusion(s) typique(s) documentée(s) : chacune se retourne en prémisse fausse plausible
LCBFT;LCBFT-R-004;OBLIGATION;draft;HIGH;F5;TRUE_PREMISE_ADVERSARIAL;LCBFT-R-004-F5;2;True;true_premise_adversarial;NONE;4;MEDIUM;blocked;TG-LCBFT-R-004;FALSE_TRUE;Article L.561-5-1 = Recueil d'informations sur l'objet et la nature de la relation d'affaires;RG-LCBFT-ARTICLE-L-561-5-1-OBLIGATION;jumeau obligatoire de la fausse prémisse : sans lui, le modèle apprend « question adversariale ⇒ réfuter » et gagne des points en réfutant le vrai
LCBFT;LCBFT-R-004;OBLIGATION;draft;HIGH;F6;CALIBRATED_ABSTENTION;;1;False;calibrated_abstention;MISSING_INFORMATION;4;MEDIUM;not_retained;;;Article L.561-5-1 = Recueil d'informations sur l'objet et la nature de la relation d'affaires;RG-LCBFT-ARTICLE-L-561-5-1-OBLIGATION;exceptions inconnues : on ne peut pas affirmer qu'un cas est indécidable tant qu'on ignore ce que le texte prévoit
LCBFT;LCBFT-R-004;OBLIGATION;draft;HIGH;F7;CONDITIONAL_ANSWER;;0;False;qualification;NONE;3;HIGH;not_retained;;;Article L.561-5-1 = Recueil d'informations sur l'objet et la nature de la relation d'affaires;RG-LCBFT-ARTICLE-L-561-5-1-OBLIGATION;règle sans branche : une réponse conditionnelle serait un artifice
LCBFT;LCBFT-R-004;OBLIGATION;draft;HIGH;F8;TEMPORAL;;0;False;fact;TEMPORAL_CONFUSION;4;MEDIUM;not_retained;;;Article L.561-5-1 = Recueil d'informations sur l'objet et la nature de la relation d'affaires;RG-LCBFT-ARTICLE-L-561-5-1-OBLIGATION;règle stable et non bornée : une question temporelle porterait sur une date sans enjeu
LCBFT;LCBFT-R-004;OBLIGATION;draft;HIGH;F9;CROSS_REGULATORY;;0;False;qualification;CROSS_REGULATORY_CONFLATION;5;HIGH;not_retained;;;Article L.561-5-1 = Recueil d'informations sur l'objet et la nature de la relation d'affaires;RG-LCBFT-ARTICLE-L-561-5-1-OBLIGATION;aucun régime voisin : la confusion ne serait pas plausible
LCBFT;LCBFT-R-004;OBLIGATION;draft;HIGH;F10;EXCEPTION;;0;False;qualification;OVERGENERALIZATION;4;HIGH;not_retained;;;Article L.561-5-1 = Recueil d'informations sur l'objet et la nature de la relation d'affaires;RG-LCBFT-ARTICLE-L-561-5-1-OBLIGATION;exceptions inconnues : tester une exception qu'on n'a pas cherchée reviendrait à l'inventer
LCBFT;LCBFT-R-004;OBLIGATION;draft;HIGH;F11;NEGATIVE_ASSERTION;;0;False;false_premise;NEGATIVE_ASSERTION;4;HIGH;not_retained;;;Article L.561-5-1 = Recueil d'informations sur l'objet et la nature de la relation d'affaires;RG-LCBFT-ARTICLE-L-561-5-1-OBLIGATION;aucune affirmation négative documentée : il n'y a rien à nier
LCBFT;LCBFT-R-004;OBLIGATION;draft;HIGH;F12;MISSING_INFORMATION;LCBFT-R-004-F12;2;True;calibrated_abstention;MISSING_INFORMATION;4;MEDIUM;blocked;;;Article L.561-5-1 = Recueil d'informations sur l'objet et la nature de la relation d'affaires;RG-LCBFT-ARTICLE-L-561-5-1-OBLIGATION;l'obligation dépend de faits identifiables : le modèle doit dire lesquels lui manquent
LCBFT;LCBFT-R-005;DEFINITION;draft;CRITICAL;F1;FACT_RECALL;LCBFT-R-005-F1;3;True;fact;NONE;2;HIGH;blocked;;;Articles L.561-2-2 et R.561-1 et suivants = Identification du bénéficiaire effectif;RG-LCBFT-ARTICLES-L-561-2-2-ET-R-DEFINITION;règle de type DEFINITION : elle porte un élément restituable exactement (définition, seuil, délai ou périmètre)
LCBFT;LCBFT-R-005;DEFINITION;draft;CRITICAL;F2;QUALIFICATION;;1;False;qualification;NONE;4;CRITICAL;not_retained;;;Articles L.561-2-2 et R.561-1 et suivants = Identification du bénéficiaire effectif;RG-LCBFT-ARTICLES-L-561-2-2-ET-R-DEFINITION;une définition s'applique mal seule : la qualification dépendrait d'une règle d'obligation qu'il faudrait joindre
LCBFT;LCBFT-R-005;DEFINITION;draft;CRITICAL;F3;CALCULATION;;0;False;calculation;NONE;3;CRITICAL;not_retained;;;Articles L.561-2-2 et R.561-1 et suivants = Identification du bénéficiaire effectif;RG-LCBFT-ARTICLES-L-561-2-2-ET-R-DEFINITION;aucune computation réelle : un calcul serait fabriqué pour la question
LCBFT;LCBFT-R-005;DEFINITION;draft;CRITICAL;F4;FALSE_PREMISE;LCBFT-R-005-F4;3;True;false_premise;FALSE_THRESHOLD;4;CRITICAL;blocked;TG-LCBFT-R-005;FALSE_TRUE;Articles L.561-2-2 et R.561-1 et suivants = Identification du bénéficiaire effectif;RG-LCBFT-ARTICLES-L-561-2-2-ET-R-DEFINITION;1 affirmation(s) fausse(s) déjà identifiée(s) sur cette règle : la prémisse est prête à être réfutée, sous réserve de vérifier l'absence
LCBFT;LCBFT-R-005;DEFINITION;draft;CRITICAL;F5;TRUE_PREMISE_ADVERSARIAL;LCBFT-R-005-F5;3;True;true_premise_adversarial;NONE;4;HIGH;blocked;TG-LCBFT-R-005;FALSE_TRUE;Articles L.561-2-2 et R.561-1 et suivants = Identification du bénéficiaire effectif;RG-LCBFT-ARTICLES-L-561-2-2-ET-R-DEFINITION;jumeau obligatoire de la fausse prémisse : sans lui, le modèle apprend « question adversariale ⇒ réfuter » et gagne des points en réfutant le vrai
LCBFT;LCBFT-R-005;DEFINITION;draft;CRITICAL;F6;CALIBRATED_ABSTENTION;;1;False;calibrated_abstention;MISSING_INFORMATION;4;HIGH;not_retained;;;Articles L.561-2-2 et R.561-1 et suivants = Identification du bénéficiaire effectif;RG-LCBFT-ARTICLES-L-561-2-2-ET-R-DEFINITION;exceptions inconnues : on ne peut pas affirmer qu'un cas est indécidable tant qu'on ignore ce que le texte prévoit
LCBFT;LCBFT-R-005;DEFINITION;draft;CRITICAL;F7;CONDITIONAL_ANSWER;;0;False;qualification;NONE;3;CRITICAL;not_retained;;;Articles L.561-2-2 et R.561-1 et suivants = Identification du bénéficiaire effectif;RG-LCBFT-ARTICLES-L-561-2-2-ET-R-DEFINITION;règle sans branche : une réponse conditionnelle serait un artifice
LCBFT;LCBFT-R-005;DEFINITION;draft;CRITICAL;F8;TEMPORAL;;0;False;fact;TEMPORAL_CONFUSION;4;HIGH;not_retained;;;Articles L.561-2-2 et R.561-1 et suivants = Identification du bénéficiaire effectif;RG-LCBFT-ARTICLES-L-561-2-2-ET-R-DEFINITION;règle stable et non bornée : une question temporelle porterait sur une date sans enjeu
LCBFT;LCBFT-R-005;DEFINITION;draft;CRITICAL;F9;CROSS_REGULATORY;;0;False;qualification;CROSS_REGULATORY_CONFLATION;5;CRITICAL;not_retained;;;Articles L.561-2-2 et R.561-1 et suivants = Identification du bénéficiaire effectif;RG-LCBFT-ARTICLES-L-561-2-2-ET-R-DEFINITION;aucun régime voisin : la confusion ne serait pas plausible
LCBFT;LCBFT-R-005;DEFINITION;draft;CRITICAL;F10;EXCEPTION;;0;False;qualification;OVERGENERALIZATION;4;CRITICAL;not_retained;;;Articles L.561-2-2 et R.561-1 et suivants = Identification du bénéficiaire effectif;RG-LCBFT-ARTICLES-L-561-2-2-ET-R-DEFINITION;exceptions inconnues : tester une exception qu'on n'a pas cherchée reviendrait à l'inventer
LCBFT;LCBFT-R-005;DEFINITION;draft;CRITICAL;F11;NEGATIVE_ASSERTION;LCBFT-R-005-F11;2;True;false_premise;NEGATIVE_ASSERTION;4;CRITICAL;blocked;;;Articles L.561-2-2 et R.561-1 et suivants = Identification du bénéficiaire effectif;RG-LCBFT-ARTICLES-L-561-2-2-ET-R-DEFINITION;1 affirmation(s) négative(s) identifiée(s), aucune encore vérifiée absente : la famille est prête mais pas sourçable
LCBFT;LCBFT-R-005;DEFINITION;draft;CRITICAL;F12;MISSING_INFORMATION;;1;False;calibrated_abstention;MISSING_INFORMATION;4;HIGH;not_retained;;;Articles L.561-2-2 et R.561-1 et suivants = Identification du bénéficiaire effectif;RG-LCBFT-ARTICLES-L-561-2-2-ET-R-DEFINITION;la donnée manquante serait difficile à nommer précisément : la demande d'information resterait vague
LCBFT;LCBFT-R-006;OBLIGATION;draft;CRITICAL;F1;FACT_RECALL;LCBFT-R-006-F1;2;True;fact;NONE;2;HIGH;blocked;;;Article L.561-6 = Vigilance constante pendant toute la relation d'affaires;RG-LCBFT-ARTICLE-L-561-6-OBLIGATION;l'obligation elle-même se restitue : qui doit quoi, envers qui
LCBFT;LCBFT-R-006;OBLIGATION;draft;CRITICAL;F2;QUALIFICATION;LCBFT-R-006-F2;3;True;qualification;NONE;4;CRITICAL;blocked;;;Article L.561-6 = Vigilance constante pendant toute la relation d'affaires;RG-LCBFT-ARTICLE-L-561-6-OBLIGATION;un cas concret tranche : la règle dit qui est concerné et ce qui doit être fait, l'application est vérifiable
LCBFT;LCBFT-R-006;OBLIGATION;draft;CRITICAL;F3;CALCULATION;;0;False;calculation;NONE;3;CRITICAL;not_retained;;;Article L.561-6 = Vigilance constante pendant toute la relation d'affaires;RG-LCBFT-ARTICLE-L-561-6-OBLIGATION;aucune computation réelle : un calcul serait fabriqué pour la question
LCBFT;LCBFT-R-006;OBLIGATION;draft;CRITICAL;F4;FALSE_PREMISE;LCBFT-R-006-F4;2;True;false_premise;SCOPE_CONFUSION;4;CRITICAL;blocked;TG-LCBFT-R-006;SCOPE_TWIN;Article L.561-6 = Vigilance constante pendant toute la relation d'affaires;RG-LCBFT-ARTICLE-L-561-6-OBLIGATION;2 confusion(s) typique(s) documentée(s) : chacune se retourne en prémisse fausse plausible
LCBFT;LCBFT-R-006;OBLIGATION;draft;CRITICAL;F5;TRUE_PREMISE_ADVERSARIAL;LCBFT-R-006-F5;2;True;true_premise_adversarial;NONE;4;HIGH;blocked;TG-LCBFT-R-006;SCOPE_TWIN;Article L.561-6 = Vigilance constante pendant toute la relation d'affaires;RG-LCBFT-ARTICLE-L-561-6-OBLIGATION;jumeau obligatoire de la fausse prémisse : sans lui, le modèle apprend « question adversariale ⇒ réfuter » et gagne des points en réfutant le vrai
LCBFT;LCBFT-R-006;OBLIGATION;draft;CRITICAL;F6;CALIBRATED_ABSTENTION;;1;False;calibrated_abstention;MISSING_INFORMATION;4;HIGH;not_retained;;;Article L.561-6 = Vigilance constante pendant toute la relation d'affaires;RG-LCBFT-ARTICLE-L-561-6-OBLIGATION;exceptions inconnues : on ne peut pas affirmer qu'un cas est indécidable tant qu'on ignore ce que le texte prévoit
LCBFT;LCBFT-R-006;OBLIGATION;draft;CRITICAL;F7;CONDITIONAL_ANSWER;;0;False;qualification;NONE;3;CRITICAL;not_retained;;;Article L.561-6 = Vigilance constante pendant toute la relation d'affaires;RG-LCBFT-ARTICLE-L-561-6-OBLIGATION;règle sans branche : une réponse conditionnelle serait un artifice
LCBFT;LCBFT-R-006;OBLIGATION;draft;CRITICAL;F8;TEMPORAL;LCBFT-R-006-F8;2;True;fact;TEMPORAL_CONFUSION;4;HIGH;blocked;;;Article L.561-6 = Vigilance constante pendant toute la relation d'affaires;RG-LCBFT-ARTICLE-L-561-6-OBLIGATION;piège de confusion temporelle documenté sur cette règle
LCBFT;LCBFT-R-006;OBLIGATION;draft;CRITICAL;F9;CROSS_REGULATORY;;0;False;qualification;CROSS_REGULATORY_CONFLATION;5;CRITICAL;not_retained;;;Article L.561-6 = Vigilance constante pendant toute la relation d'affaires;RG-LCBFT-ARTICLE-L-561-6-OBLIGATION;aucun régime voisin : la confusion ne serait pas plausible
LCBFT;LCBFT-R-006;OBLIGATION;draft;CRITICAL;F10;EXCEPTION;;0;False;qualification;OVERGENERALIZATION;4;CRITICAL;not_retained;;;Article L.561-6 = Vigilance constante pendant toute la relation d'affaires;RG-LCBFT-ARTICLE-L-561-6-OBLIGATION;exceptions inconnues : tester une exception qu'on n'a pas cherchée reviendrait à l'inventer
LCBFT;LCBFT-R-006;OBLIGATION;draft;CRITICAL;F11;NEGATIVE_ASSERTION;;0;False;false_premise;NEGATIVE_ASSERTION;4;CRITICAL;not_retained;;;Article L.561-6 = Vigilance constante pendant toute la relation d'affaires;RG-LCBFT-ARTICLE-L-561-6-OBLIGATION;aucune affirmation négative documentée : il n'y a rien à nier
LCBFT;LCBFT-R-006;OBLIGATION;draft;CRITICAL;F12;MISSING_INFORMATION;LCBFT-R-006-F12;2;True;calibrated_abstention;MISSING_INFORMATION;4;HIGH;blocked;;;Article L.561-6 = Vigilance constante pendant toute la relation d'affaires;RG-LCBFT-ARTICLE-L-561-6-OBLIGATION;l'obligation dépend de faits identifiables : le modèle doit dire lesquels lui manquent
LCBFT;LCBFT-R-007;OBLIGATION;draft;CRITICAL;F1;FACT_RECALL;LCBFT-R-007-F1;2;True;fact;NONE;2;HIGH;blocked;;;Article L.561-10 = Mesures de vigilance renforcée;RG-LCBFT-ARTICLE-L-561-10-OBLIGATION;l'obligation elle-même se restitue : qui doit quoi, envers qui
LCBFT;LCBFT-R-007;OBLIGATION;draft;CRITICAL;F2;QUALIFICATION;LCBFT-R-007-F2;3;True;qualification;NONE;4;CRITICAL;blocked;;;Article L.561-10 = Mesures de vigilance renforcée;RG-LCBFT-ARTICLE-L-561-10-OBLIGATION;un cas concret tranche : la règle dit qui est concerné et ce qui doit être fait, l'application est vérifiable
LCBFT;LCBFT-R-007;OBLIGATION;draft;CRITICAL;F3;CALCULATION;;0;False;calculation;NONE;3;CRITICAL;not_retained;;;Article L.561-10 = Mesures de vigilance renforcée;RG-LCBFT-ARTICLE-L-561-10-OBLIGATION;aucune computation réelle : un calcul serait fabriqué pour la question
LCBFT;LCBFT-R-007;OBLIGATION;draft;CRITICAL;F4;FALSE_PREMISE;LCBFT-R-007-F4;2;True;false_premise;CONCEPT_CONFLATION;4;CRITICAL;blocked;TG-LCBFT-R-007;FALSE_TRUE;Article L.561-10 = Mesures de vigilance renforcée;RG-LCBFT-ARTICLE-L-561-10-OBLIGATION;2 confusion(s) typique(s) documentée(s) : chacune se retourne en prémisse fausse plausible
LCBFT;LCBFT-R-007;OBLIGATION;draft;CRITICAL;F5;TRUE_PREMISE_ADVERSARIAL;LCBFT-R-007-F5;2;True;true_premise_adversarial;NONE;4;HIGH;blocked;TG-LCBFT-R-007;FALSE_TRUE;Article L.561-10 = Mesures de vigilance renforcée;RG-LCBFT-ARTICLE-L-561-10-OBLIGATION;jumeau obligatoire de la fausse prémisse : sans lui, le modèle apprend « question adversariale ⇒ réfuter » et gagne des points en réfutant le vrai
LCBFT;LCBFT-R-007;OBLIGATION;draft;CRITICAL;F6;CALIBRATED_ABSTENTION;;1;False;calibrated_abstention;MISSING_INFORMATION;4;HIGH;not_retained;;;Article L.561-10 = Mesures de vigilance renforcée;RG-LCBFT-ARTICLE-L-561-10-OBLIGATION;exceptions inconnues : on ne peut pas affirmer qu'un cas est indécidable tant qu'on ignore ce que le texte prévoit
LCBFT;LCBFT-R-007;OBLIGATION;draft;CRITICAL;F7;CONDITIONAL_ANSWER;;0;False;qualification;NONE;3;CRITICAL;not_retained;;;Article L.561-10 = Mesures de vigilance renforcée;RG-LCBFT-ARTICLE-L-561-10-OBLIGATION;règle sans branche : une réponse conditionnelle serait un artifice
LCBFT;LCBFT-R-007;OBLIGATION;draft;CRITICAL;F8;TEMPORAL;;0;False;fact;TEMPORAL_CONFUSION;4;HIGH;not_retained;;;Article L.561-10 = Mesures de vigilance renforcée;RG-LCBFT-ARTICLE-L-561-10-OBLIGATION;règle stable et non bornée : une question temporelle porterait sur une date sans enjeu
LCBFT;LCBFT-R-007;OBLIGATION;draft;CRITICAL;F9;CROSS_REGULATORY;;0;False;qualification;CROSS_REGULATORY_CONFLATION;5;CRITICAL;not_retained;;;Article L.561-10 = Mesures de vigilance renforcée;RG-LCBFT-ARTICLE-L-561-10-OBLIGATION;aucun régime voisin : la confusion ne serait pas plausible
LCBFT;LCBFT-R-007;OBLIGATION;draft;CRITICAL;F10;EXCEPTION;;0;False;qualification;OVERGENERALIZATION;4;CRITICAL;not_retained;;;Article L.561-10 = Mesures de vigilance renforcée;RG-LCBFT-ARTICLE-L-561-10-OBLIGATION;exceptions inconnues : tester une exception qu'on n'a pas cherchée reviendrait à l'inventer
LCBFT;LCBFT-R-007;OBLIGATION;draft;CRITICAL;F11;NEGATIVE_ASSERTION;;0;False;false_premise;NEGATIVE_ASSERTION;4;CRITICAL;not_retained;;;Article L.561-10 = Mesures de vigilance renforcée;RG-LCBFT-ARTICLE-L-561-10-OBLIGATION;aucune affirmation négative documentée : il n'y a rien à nier
LCBFT;LCBFT-R-007;OBLIGATION;draft;CRITICAL;F12;MISSING_INFORMATION;LCBFT-R-007-F12;2;True;calibrated_abstention;MISSING_INFORMATION;4;HIGH;blocked;;;Article L.561-10 = Mesures de vigilance renforcée;RG-LCBFT-ARTICLE-L-561-10-OBLIGATION;l'obligation dépend de faits identifiables : le modèle doit dire lesquels lui manquent
LCBFT;LCBFT-R-008;CLASSIFICATION;draft;CRITICAL;F1;FACT_RECALL;LCBFT-R-008-F1;3;True;fact;NONE;2;HIGH;blocked;;;Articles L.561-10 et R.561-18 = Traitement des personnes politiquement exposées;RG-LCBFT-ARTICLES-L-561-10-ET-R-5-CLASSIFICATION;règle de type CLASSIFICATION : elle porte un élément restituable exactement (définition, seuil, délai ou périmètre)
LCBFT;LCBFT-R-008;CLASSIFICATION;draft;CRITICAL;F2;QUALIFICATION;LCBFT-R-008-F2;3;True;qualification;NONE;4;CRITICAL;blocked;;;Articles L.561-10 et R.561-18 = Traitement des personnes politiquement exposées;RG-LCBFT-ARTICLES-L-561-10-ET-R-5-CLASSIFICATION;un cas concret tranche : la règle dit qui est concerné et ce qui doit être fait, l'application est vérifiable
LCBFT;LCBFT-R-008;CLASSIFICATION;draft;CRITICAL;F3;CALCULATION;;0;False;calculation;NONE;3;CRITICAL;not_retained;;;Articles L.561-10 et R.561-18 = Traitement des personnes politiquement exposées;RG-LCBFT-ARTICLES-L-561-10-ET-R-5-CLASSIFICATION;aucune computation réelle : un calcul serait fabriqué pour la question
LCBFT;LCBFT-R-008;CLASSIFICATION;draft;CRITICAL;F4;FALSE_PREMISE;LCBFT-R-008-F4;2;True;false_premise;OVERGENERALIZATION;4;CRITICAL;blocked;TG-LCBFT-R-008;EXCEPTION_TWIN;Articles L.561-10 et R.561-18 = Traitement des personnes politiquement exposées;RG-LCBFT-ARTICLES-L-561-10-ET-R-5-CLASSIFICATION;3 confusion(s) typique(s) documentée(s) : chacune se retourne en prémisse fausse plausible
LCBFT;LCBFT-R-008;CLASSIFICATION;draft;CRITICAL;F5;TRUE_PREMISE_ADVERSARIAL;LCBFT-R-008-F5;2;True;true_premise_adversarial;NONE;4;HIGH;blocked;TG-LCBFT-R-008;EXCEPTION_TWIN;Articles L.561-10 et R.561-18 = Traitement des personnes politiquement exposées;RG-LCBFT-ARTICLES-L-561-10-ET-R-5-CLASSIFICATION;jumeau obligatoire de la fausse prémisse : sans lui, le modèle apprend « question adversariale ⇒ réfuter » et gagne des points en réfutant le vrai
LCBFT;LCBFT-R-008;CLASSIFICATION;draft;CRITICAL;F6;CALIBRATED_ABSTENTION;;1;False;calibrated_abstention;MISSING_INFORMATION;4;HIGH;not_retained;;;Articles L.561-10 et R.561-18 = Traitement des personnes politiquement exposées;RG-LCBFT-ARTICLES-L-561-10-ET-R-5-CLASSIFICATION;exceptions inconnues : on ne peut pas affirmer qu'un cas est indécidable tant qu'on ignore ce que le texte prévoit
LCBFT;LCBFT-R-008;CLASSIFICATION;draft;CRITICAL;F7;CONDITIONAL_ANSWER;;0;False;qualification;NONE;3;CRITICAL;not_retained;;;Articles L.561-10 et R.561-18 = Traitement des personnes politiquement exposées;RG-LCBFT-ARTICLES-L-561-10-ET-R-5-CLASSIFICATION;règle sans branche : une réponse conditionnelle serait un artifice
LCBFT;LCBFT-R-008;CLASSIFICATION;draft;CRITICAL;F8;TEMPORAL;;0;False;fact;TEMPORAL_CONFUSION;4;HIGH;not_retained;;;Articles L.561-10 et R.561-18 = Traitement des personnes politiquement exposées;RG-LCBFT-ARTICLES-L-561-10-ET-R-5-CLASSIFICATION;règle stable et non bornée : une question temporelle porterait sur une date sans enjeu
LCBFT;LCBFT-R-008;CLASSIFICATION;draft;CRITICAL;F9;CROSS_REGULATORY;LCBFT-R-008-F9;2;True;qualification;CROSS_REGULATORY_CONFLATION;5;CRITICAL;blocked;;;Articles L.561-10 et R.561-18 = Traitement des personnes politiquement exposées;RG-LCBFT-ARTICLES-L-561-10-ET-R-5-CLASSIFICATION;régime(s) voisin(s) plausible(s) : DORA — la confusion est juridiquement crédible
LCBFT;LCBFT-R-008;CLASSIFICATION;draft;CRITICAL;F10;EXCEPTION;;0;False;qualification;OVERGENERALIZATION;4;CRITICAL;not_retained;;;Articles L.561-10 et R.561-18 = Traitement des personnes politiquement exposées;RG-LCBFT-ARTICLES-L-561-10-ET-R-5-CLASSIFICATION;exceptions inconnues : tester une exception qu'on n'a pas cherchée reviendrait à l'inventer
LCBFT;LCBFT-R-008;CLASSIFICATION;draft;CRITICAL;F11;NEGATIVE_ASSERTION;;0;False;false_premise;NEGATIVE_ASSERTION;4;CRITICAL;not_retained;;;Articles L.561-10 et R.561-18 = Traitement des personnes politiquement exposées;RG-LCBFT-ARTICLES-L-561-10-ET-R-5-CLASSIFICATION;aucune affirmation négative documentée : il n'y a rien à nier
LCBFT;LCBFT-R-008;CLASSIFICATION;draft;CRITICAL;F12;MISSING_INFORMATION;LCBFT-R-008-F12;3;True;calibrated_abstention;MISSING_INFORMATION;4;HIGH;blocked;;;Articles L.561-10 et R.561-18 = Traitement des personnes politiquement exposées;RG-LCBFT-ARTICLES-L-561-10-ET-R-5-CLASSIFICATION;règle de type CLASSIFICATION : on peut nommer exactement la donnée qui manque pour conclure
LCBFT;LCBFT-R-009;OBLIGATION;draft;CRITICAL;F1;FACT_RECALL;LCBFT-R-009-F1;2;True;fact;NONE;2;HIGH;blocked;;;Article L.561-15 = Déclaration de soupçon à Tracfin;RG-LCBFT-ARTICLE-L-561-15-OBLIGATION;l'obligation elle-même se restitue : qui doit quoi, envers qui
LCBFT;LCBFT-R-009;OBLIGATION;draft;CRITICAL;F2;QUALIFICATION;LCBFT-R-009-F2;3;True;qualification;NONE;4;CRITICAL;blocked;;;Article L.561-15 = Déclaration de soupçon à Tracfin;RG-LCBFT-ARTICLE-L-561-15-OBLIGATION;un cas concret tranche : la règle dit qui est concerné et ce qui doit être fait, l'application est vérifiable
LCBFT;LCBFT-R-009;OBLIGATION;draft;CRITICAL;F3;CALCULATION;;0;False;calculation;NONE;3;CRITICAL;not_retained;;;Article L.561-15 = Déclaration de soupçon à Tracfin;RG-LCBFT-ARTICLE-L-561-15-OBLIGATION;aucune computation réelle : un calcul serait fabriqué pour la question
LCBFT;LCBFT-R-009;OBLIGATION;draft;CRITICAL;F4;FALSE_PREMISE;LCBFT-R-009-F4;2;True;false_premise;CONCEPT_CONFLATION;4;CRITICAL;blocked;TG-LCBFT-R-009;FALSE_TRUE;Article L.561-15 = Déclaration de soupçon à Tracfin;RG-LCBFT-ARTICLE-L-561-15-OBLIGATION;3 confusion(s) typique(s) documentée(s) : chacune se retourne en prémisse fausse plausible
LCBFT;LCBFT-R-009;OBLIGATION;draft;CRITICAL;F5;TRUE_PREMISE_ADVERSARIAL;LCBFT-R-009-F5;2;True;true_premise_adversarial;NONE;4;HIGH;blocked;TG-LCBFT-R-009;FALSE_TRUE;Article L.561-15 = Déclaration de soupçon à Tracfin;RG-LCBFT-ARTICLE-L-561-15-OBLIGATION;jumeau obligatoire de la fausse prémisse : sans lui, le modèle apprend « question adversariale ⇒ réfuter » et gagne des points en réfutant le vrai
LCBFT;LCBFT-R-009;OBLIGATION;draft;CRITICAL;F6;CALIBRATED_ABSTENTION;;1;False;calibrated_abstention;MISSING_INFORMATION;4;HIGH;not_retained;;;Article L.561-15 = Déclaration de soupçon à Tracfin;RG-LCBFT-ARTICLE-L-561-15-OBLIGATION;exceptions inconnues : on ne peut pas affirmer qu'un cas est indécidable tant qu'on ignore ce que le texte prévoit
LCBFT;LCBFT-R-009;OBLIGATION;draft;CRITICAL;F7;CONDITIONAL_ANSWER;;0;False;qualification;NONE;3;CRITICAL;not_retained;;;Article L.561-15 = Déclaration de soupçon à Tracfin;RG-LCBFT-ARTICLE-L-561-15-OBLIGATION;règle sans branche : une réponse conditionnelle serait un artifice
LCBFT;LCBFT-R-009;OBLIGATION;draft;CRITICAL;F8;TEMPORAL;;0;False;fact;TEMPORAL_CONFUSION;4;HIGH;not_retained;;;Article L.561-15 = Déclaration de soupçon à Tracfin;RG-LCBFT-ARTICLE-L-561-15-OBLIGATION;règle stable et non bornée : une question temporelle porterait sur une date sans enjeu
LCBFT;LCBFT-R-009;OBLIGATION;draft;CRITICAL;F9;CROSS_REGULATORY;;0;False;qualification;CROSS_REGULATORY_CONFLATION;5;CRITICAL;not_retained;;;Article L.561-15 = Déclaration de soupçon à Tracfin;RG-LCBFT-ARTICLE-L-561-15-OBLIGATION;aucun régime voisin : la confusion ne serait pas plausible
LCBFT;LCBFT-R-009;OBLIGATION;draft;CRITICAL;F10;EXCEPTION;;0;False;qualification;OVERGENERALIZATION;4;CRITICAL;not_retained;;;Article L.561-15 = Déclaration de soupçon à Tracfin;RG-LCBFT-ARTICLE-L-561-15-OBLIGATION;exceptions inconnues : tester une exception qu'on n'a pas cherchée reviendrait à l'inventer
LCBFT;LCBFT-R-009;OBLIGATION;draft;CRITICAL;F11;NEGATIVE_ASSERTION;;0;False;false_premise;NEGATIVE_ASSERTION;4;CRITICAL;not_retained;;;Article L.561-15 = Déclaration de soupçon à Tracfin;RG-LCBFT-ARTICLE-L-561-15-OBLIGATION;aucune affirmation négative documentée : il n'y a rien à nier
LCBFT;LCBFT-R-009;OBLIGATION;draft;CRITICAL;F12;MISSING_INFORMATION;LCBFT-R-009-F12;2;True;calibrated_abstention;MISSING_INFORMATION;4;HIGH;blocked;;;Article L.561-15 = Déclaration de soupçon à Tracfin;RG-LCBFT-ARTICLE-L-561-15-OBLIGATION;l'obligation dépend de faits identifiables : le modèle doit dire lesquels lui manquent
LCBFT;LCBFT-R-010;PROHIBITION;draft;CRITICAL;F1;FACT_RECALL;LCBFT-R-010-F1;2;True;fact;NONE;2;HIGH;blocked;;;Article L.561-18 = Interdiction d'informer le client de la déclaration;RG-LCBFT-ARTICLE-L-561-18-PROHIBITION;l'obligation elle-même se restitue : qui doit quoi, envers qui
LCBFT;LCBFT-R-010;PROHIBITION;draft;CRITICAL;F2;QUALIFICATION;LCBFT-R-010-F2;3;True;qualification;NONE;4;CRITICAL;blocked;;;Article L.561-18 = Interdiction d'informer le client de la déclaration;RG-LCBFT-ARTICLE-L-561-18-PROHIBITION;un cas concret tranche : la règle dit qui est concerné et ce qui doit être fait, l'application est vérifiable
LCBFT;LCBFT-R-010;PROHIBITION;draft;CRITICAL;F3;CALCULATION;;0;False;calculation;NONE;3;CRITICAL;not_retained;;;Article L.561-18 = Interdiction d'informer le client de la déclaration;RG-LCBFT-ARTICLE-L-561-18-PROHIBITION;aucune computation réelle : un calcul serait fabriqué pour la question
LCBFT;LCBFT-R-010;PROHIBITION;draft;CRITICAL;F4;FALSE_PREMISE;LCBFT-R-010-F4;2;True;false_premise;CONCEPT_CONFLATION;4;CRITICAL;blocked;TG-LCBFT-R-010;FALSE_TRUE;Article L.561-18 = Interdiction d'informer le client de la déclaration;RG-LCBFT-ARTICLE-L-561-18-PROHIBITION;2 confusion(s) typique(s) documentée(s) : chacune se retourne en prémisse fausse plausible
LCBFT;LCBFT-R-010;PROHIBITION;draft;CRITICAL;F5;TRUE_PREMISE_ADVERSARIAL;LCBFT-R-010-F5;2;True;true_premise_adversarial;NONE;4;HIGH;blocked;TG-LCBFT-R-010;FALSE_TRUE;Article L.561-18 = Interdiction d'informer le client de la déclaration;RG-LCBFT-ARTICLE-L-561-18-PROHIBITION;jumeau obligatoire de la fausse prémisse : sans lui, le modèle apprend « question adversariale ⇒ réfuter » et gagne des points en réfutant le vrai
LCBFT;LCBFT-R-010;PROHIBITION;draft;CRITICAL;F6;CALIBRATED_ABSTENTION;;1;False;calibrated_abstention;MISSING_INFORMATION;4;HIGH;not_retained;;;Article L.561-18 = Interdiction d'informer le client de la déclaration;RG-LCBFT-ARTICLE-L-561-18-PROHIBITION;exceptions inconnues : on ne peut pas affirmer qu'un cas est indécidable tant qu'on ignore ce que le texte prévoit
LCBFT;LCBFT-R-010;PROHIBITION;draft;CRITICAL;F7;CONDITIONAL_ANSWER;;0;False;qualification;NONE;3;CRITICAL;not_retained;;;Article L.561-18 = Interdiction d'informer le client de la déclaration;RG-LCBFT-ARTICLE-L-561-18-PROHIBITION;règle sans branche : une réponse conditionnelle serait un artifice
LCBFT;LCBFT-R-010;PROHIBITION;draft;CRITICAL;F8;TEMPORAL;;0;False;fact;TEMPORAL_CONFUSION;4;HIGH;not_retained;;;Article L.561-18 = Interdiction d'informer le client de la déclaration;RG-LCBFT-ARTICLE-L-561-18-PROHIBITION;règle stable et non bornée : une question temporelle porterait sur une date sans enjeu
LCBFT;LCBFT-R-010;PROHIBITION;draft;CRITICAL;F9;CROSS_REGULATORY;LCBFT-R-010-F9;2;True;qualification;CROSS_REGULATORY_CONFLATION;5;CRITICAL;blocked;;;Article L.561-18 = Interdiction d'informer le client de la déclaration;RG-LCBFT-ARTICLE-L-561-18-PROHIBITION;régime(s) voisin(s) plausible(s) : DORA — la confusion est juridiquement crédible
LCBFT;LCBFT-R-010;PROHIBITION;draft;CRITICAL;F10;EXCEPTION;;0;False;qualification;OVERGENERALIZATION;4;CRITICAL;not_retained;;;Article L.561-18 = Interdiction d'informer le client de la déclaration;RG-LCBFT-ARTICLE-L-561-18-PROHIBITION;exceptions inconnues : tester une exception qu'on n'a pas cherchée reviendrait à l'inventer
LCBFT;LCBFT-R-010;PROHIBITION;draft;CRITICAL;F11;NEGATIVE_ASSERTION;;0;False;false_premise;NEGATIVE_ASSERTION;4;CRITICAL;not_retained;;;Article L.561-18 = Interdiction d'informer le client de la déclaration;RG-LCBFT-ARTICLE-L-561-18-PROHIBITION;aucune affirmation négative documentée : il n'y a rien à nier
LCBFT;LCBFT-R-010;PROHIBITION;draft;CRITICAL;F12;MISSING_INFORMATION;;1;False;calibrated_abstention;MISSING_INFORMATION;4;HIGH;not_retained;;;Article L.561-18 = Interdiction d'informer le client de la déclaration;RG-LCBFT-ARTICLE-L-561-18-PROHIBITION;la donnée manquante serait difficile à nommer précisément : la demande d'information resterait vague
LCBFT;LCBFT-R-011;RECORD_KEEPING;draft;HIGH;F1;FACT_RECALL;;1;False;fact;NONE;2;MEDIUM;not_retained;;;Article L.561-12 = Conservation des documents et informations;RG-LCBFT-ARTICLE-L-561-12-RECORD_KEEPING;règle de type RECORD_KEEPING : la restitution porterait sur un dispositif diffus, difficile à noter exactement
LCBFT;LCBFT-R-011;RECORD_KEEPING;draft;HIGH;F2;QUALIFICATION;LCBFT-R-011-F2;2;True;qualification;NONE;4;HIGH;blocked;;;Article L.561-12 = Conservation des documents et informations;RG-LCBFT-ARTICLE-L-561-12-RECORD_KEEPING;la règle se projette sur un cas, avec une réponse tranchable
LCBFT;LCBFT-R-011;RECORD_KEEPING;draft;HIGH;F3;CALCULATION;;0;False;calculation;NONE;3;HIGH;not_retained;;;Article L.561-12 = Conservation des documents et informations;RG-LCBFT-ARTICLE-L-561-12-RECORD_KEEPING;aucune computation réelle : un calcul serait fabriqué pour la question
LCBFT;LCBFT-R-011;RECORD_KEEPING;draft;HIGH;F4;FALSE_PREMISE;LCBFT-R-011-F4;3;True;false_premise;FALSE_THRESHOLD;4;HIGH;blocked;TG-LCBFT-R-011;FALSE_TRUE;Article L.561-12 = Conservation des documents et informations;RG-LCBFT-ARTICLE-L-561-12-RECORD_KEEPING;la règle porte un piège d'invention (seuil ou article) : la fausse prémisse s'écrit directement dessus
LCBFT;LCBFT-R-011;RECORD_KEEPING;draft;HIGH;F5;TRUE_PREMISE_ADVERSARIAL;LCBFT-R-011-F5;3;True;true_premise_adversarial;NONE;4;MEDIUM;blocked;TG-LCBFT-R-011;FALSE_TRUE;Article L.561-12 = Conservation des documents et informations;RG-LCBFT-ARTICLE-L-561-12-RECORD_KEEPING;jumeau obligatoire de la fausse prémisse : sans lui, le modèle apprend « question adversariale ⇒ réfuter » et gagne des points en réfutant le vrai
LCBFT;LCBFT-R-011;RECORD_KEEPING;draft;HIGH;F6;CALIBRATED_ABSTENTION;;1;False;calibrated_abstention;MISSING_INFORMATION;4;MEDIUM;not_retained;;;Article L.561-12 = Conservation des documents et informations;RG-LCBFT-ARTICLE-L-561-12-RECORD_KEEPING;exceptions inconnues : on ne peut pas affirmer qu'un cas est indécidable tant qu'on ignore ce que le texte prévoit
LCBFT;LCBFT-R-011;RECORD_KEEPING;draft;HIGH;F7;CONDITIONAL_ANSWER;;0;False;qualification;NONE;3;HIGH;not_retained;;;Article L.561-12 = Conservation des documents et informations;RG-LCBFT-ARTICLE-L-561-12-RECORD_KEEPING;règle sans branche : une réponse conditionnelle serait un artifice
LCBFT;LCBFT-R-011;RECORD_KEEPING;draft;HIGH;F8;TEMPORAL;LCBFT-R-011-F8;2;True;fact;TEMPORAL_CONFUSION;4;MEDIUM;blocked;;;Article L.561-12 = Conservation des documents et informations;RG-LCBFT-ARTICLE-L-561-12-RECORD_KEEPING;piège de confusion temporelle documenté sur cette règle
LCBFT;LCBFT-R-011;RECORD_KEEPING;draft;HIGH;F9;CROSS_REGULATORY;LCBFT-R-011-F9;3;True;qualification;CROSS_REGULATORY_CONFLATION;5;HIGH;blocked;;;Article L.561-12 = Conservation des documents et informations;RG-LCBFT-ARTICLE-L-561-12-RECORD_KEEPING;confusion inter-réglementaire documentée et régime(s) voisin(s) identifié(s) : MIFID2
LCBFT;LCBFT-R-011;RECORD_KEEPING;draft;HIGH;F10;EXCEPTION;;0;False;qualification;OVERGENERALIZATION;4;HIGH;not_retained;;;Article L.561-12 = Conservation des documents et informations;RG-LCBFT-ARTICLE-L-561-12-RECORD_KEEPING;exceptions inconnues : tester une exception qu'on n'a pas cherchée reviendrait à l'inventer
LCBFT;LCBFT-R-011;RECORD_KEEPING;draft;HIGH;F11;NEGATIVE_ASSERTION;;0;False;false_premise;NEGATIVE_ASSERTION;4;HIGH;not_retained;;;Article L.561-12 = Conservation des documents et informations;RG-LCBFT-ARTICLE-L-561-12-RECORD_KEEPING;aucune affirmation négative documentée : il n'y a rien à nier
LCBFT;LCBFT-R-011;RECORD_KEEPING;draft;HIGH;F12;MISSING_INFORMATION;;1;False;calibrated_abstention;MISSING_INFORMATION;4;MEDIUM;not_retained;;;Article L.561-12 = Conservation des documents et informations;RG-LCBFT-ARTICLE-L-561-12-RECORD_KEEPING;la donnée manquante serait difficile à nommer précisément : la demande d'information resterait vague
LCBFT;LCBFT-R-012;PROHIBITION;draft;CRITICAL;F1;FACT_RECALL;LCBFT-R-012-F1;2;True;fact;NONE;2;HIGH;blocked;;;Article L.561-8 = Refus ou cessation de la relation d'affaires;RG-LCBFT-ARTICLE-L-561-8-PROHIBITION;l'obligation elle-même se restitue : qui doit quoi, envers qui
LCBFT;LCBFT-R-012;PROHIBITION;draft;CRITICAL;F2;QUALIFICATION;LCBFT-R-012-F2;3;True;qualification;NONE;4;CRITICAL;blocked;;;Article L.561-8 = Refus ou cessation de la relation d'affaires;RG-LCBFT-ARTICLE-L-561-8-PROHIBITION;un cas concret tranche : la règle dit qui est concerné et ce qui doit être fait, l'application est vérifiable
LCBFT;LCBFT-R-012;PROHIBITION;draft;CRITICAL;F3;CALCULATION;;0;False;calculation;NONE;3;CRITICAL;not_retained;;;Article L.561-8 = Refus ou cessation de la relation d'affaires;RG-LCBFT-ARTICLE-L-561-8-PROHIBITION;aucune computation réelle : un calcul serait fabriqué pour la question
LCBFT;LCBFT-R-012;PROHIBITION;draft;CRITICAL;F4;FALSE_PREMISE;LCBFT-R-012-F4;2;True;false_premise;CONCEPT_CONFLATION;4;CRITICAL;blocked;TG-LCBFT-R-012;FALSE_TRUE;Article L.561-8 = Refus ou cessation de la relation d'affaires;RG-LCBFT-ARTICLE-L-561-8-PROHIBITION;2 confusion(s) typique(s) documentée(s) : chacune se retourne en prémisse fausse plausible
LCBFT;LCBFT-R-012;PROHIBITION;draft;CRITICAL;F5;TRUE_PREMISE_ADVERSARIAL;LCBFT-R-012-F5;2;True;true_premise_adversarial;NONE;4;HIGH;blocked;TG-LCBFT-R-012;FALSE_TRUE;Article L.561-8 = Refus ou cessation de la relation d'affaires;RG-LCBFT-ARTICLE-L-561-8-PROHIBITION;jumeau obligatoire de la fausse prémisse : sans lui, le modèle apprend « question adversariale ⇒ réfuter » et gagne des points en réfutant le vrai
LCBFT;LCBFT-R-012;PROHIBITION;draft;CRITICAL;F6;CALIBRATED_ABSTENTION;;1;False;calibrated_abstention;MISSING_INFORMATION;4;HIGH;not_retained;;;Article L.561-8 = Refus ou cessation de la relation d'affaires;RG-LCBFT-ARTICLE-L-561-8-PROHIBITION;exceptions inconnues : on ne peut pas affirmer qu'un cas est indécidable tant qu'on ignore ce que le texte prévoit
LCBFT;LCBFT-R-012;PROHIBITION;draft;CRITICAL;F7;CONDITIONAL_ANSWER;LCBFT-R-012-F7;2;True;qualification;NONE;3;CRITICAL;blocked;;;Article L.561-8 = Refus ou cessation de la relation d'affaires;RG-LCBFT-ARTICLE-L-561-8-PROHIBITION;l'énoncé se branche selon les faits : la bonne réponse dit « si A alors X, si B alors Y »
LCBFT;LCBFT-R-012;PROHIBITION;draft;CRITICAL;F8;TEMPORAL;;0;False;fact;TEMPORAL_CONFUSION;4;HIGH;not_retained;;;Article L.561-8 = Refus ou cessation de la relation d'affaires;RG-LCBFT-ARTICLE-L-561-8-PROHIBITION;règle stable et non bornée : une question temporelle porterait sur une date sans enjeu
LCBFT;LCBFT-R-012;PROHIBITION;draft;CRITICAL;F9;CROSS_REGULATORY;;0;False;qualification;CROSS_REGULATORY_CONFLATION;5;CRITICAL;not_retained;;;Article L.561-8 = Refus ou cessation de la relation d'affaires;RG-LCBFT-ARTICLE-L-561-8-PROHIBITION;aucun régime voisin : la confusion ne serait pas plausible
LCBFT;LCBFT-R-012;PROHIBITION;draft;CRITICAL;F10;EXCEPTION;;0;False;qualification;OVERGENERALIZATION;4;CRITICAL;not_retained;;;Article L.561-8 = Refus ou cessation de la relation d'affaires;RG-LCBFT-ARTICLE-L-561-8-PROHIBITION;exceptions inconnues : tester une exception qu'on n'a pas cherchée reviendrait à l'inventer
LCBFT;LCBFT-R-012;PROHIBITION;draft;CRITICAL;F11;NEGATIVE_ASSERTION;;0;False;false_premise;NEGATIVE_ASSERTION;4;CRITICAL;not_retained;;;Article L.561-8 = Refus ou cessation de la relation d'affaires;RG-LCBFT-ARTICLE-L-561-8-PROHIBITION;aucune affirmation négative documentée : il n'y a rien à nier
LCBFT;LCBFT-R-012;PROHIBITION;draft;CRITICAL;F12;MISSING_INFORMATION;;1;False;calibrated_abstention;MISSING_INFORMATION;4;HIGH;not_retained;;;Article L.561-8 = Refus ou cessation de la relation d'affaires;RG-LCBFT-ARTICLE-L-561-8-PROHIBITION;la donnée manquante serait difficile à nommer précisément : la demande d'information resterait vague
LCBFT;LCBFT-R-013;SCOPE;draft;HIGH;F1;FACT_RECALL;LCBFT-R-013-F1;3;True;fact;NONE;2;MEDIUM;blocked;;;Ensemble de la directive = Directives européennes de transposition;RG-LCBFT-ENSEMBLE-DE-LA-DIRECTIVE-SCOPE;règle de type SCOPE : elle porte un élément restituable exactement (définition, seuil, délai ou périmètre)
LCBFT;LCBFT-R-013;SCOPE;draft;HIGH;F2;QUALIFICATION;LCBFT-R-013-F2;3;True;qualification;NONE;4;HIGH;blocked;;;Ensemble de la directive = Directives européennes de transposition;RG-LCBFT-ENSEMBLE-DE-LA-DIRECTIVE-SCOPE;un cas concret tranche : la règle dit qui est concerné et ce qui doit être fait, l'application est vérifiable
LCBFT;LCBFT-R-013;SCOPE;draft;HIGH;F3;CALCULATION;;0;False;calculation;NONE;3;HIGH;not_retained;;;Ensemble de la directive = Directives européennes de transposition;RG-LCBFT-ENSEMBLE-DE-LA-DIRECTIVE-SCOPE;aucune computation réelle : un calcul serait fabriqué pour la question
LCBFT;LCBFT-R-013;SCOPE;draft;HIGH;F4;FALSE_PREMISE;LCBFT-R-013-F4;3;True;false_premise;FALSE_ARTICLE;4;HIGH;blocked;TG-LCBFT-R-013;FALSE_TRUE;Ensemble de la directive = Directives européennes de transposition;RG-LCBFT-ENSEMBLE-DE-LA-DIRECTIVE-SCOPE;la règle porte un piège d'invention (seuil ou article) : la fausse prémisse s'écrit directement dessus
LCBFT;LCBFT-R-013;SCOPE;draft;HIGH;F5;TRUE_PREMISE_ADVERSARIAL;LCBFT-R-013-F5;3;True;true_premise_adversarial;NONE;4;MEDIUM;blocked;TG-LCBFT-R-013;FALSE_TRUE;Ensemble de la directive = Directives européennes de transposition;RG-LCBFT-ENSEMBLE-DE-LA-DIRECTIVE-SCOPE;jumeau obligatoire de la fausse prémisse : sans lui, le modèle apprend « question adversariale ⇒ réfuter » et gagne des points en réfutant le vrai
LCBFT;LCBFT-R-013;SCOPE;draft;HIGH;F6;CALIBRATED_ABSTENTION;;1;False;calibrated_abstention;MISSING_INFORMATION;4;MEDIUM;not_retained;;;Ensemble de la directive = Directives européennes de transposition;RG-LCBFT-ENSEMBLE-DE-LA-DIRECTIVE-SCOPE;exceptions inconnues : on ne peut pas affirmer qu'un cas est indécidable tant qu'on ignore ce que le texte prévoit
LCBFT;LCBFT-R-013;SCOPE;draft;HIGH;F7;CONDITIONAL_ANSWER;;0;False;qualification;NONE;3;HIGH;not_retained;;;Ensemble de la directive = Directives européennes de transposition;RG-LCBFT-ENSEMBLE-DE-LA-DIRECTIVE-SCOPE;règle sans branche : une réponse conditionnelle serait un artifice
LCBFT;LCBFT-R-013;SCOPE;draft;HIGH;F8;TEMPORAL;;0;False;fact;TEMPORAL_CONFUSION;4;MEDIUM;not_retained;;;Ensemble de la directive = Directives européennes de transposition;RG-LCBFT-ENSEMBLE-DE-LA-DIRECTIVE-SCOPE;règle stable et non bornée : une question temporelle porterait sur une date sans enjeu
LCBFT;LCBFT-R-013;SCOPE;draft;HIGH;F9;CROSS_REGULATORY;;1;False;qualification;CROSS_REGULATORY_CONFLATION;5;HIGH;not_retained;;;Ensemble de la directive = Directives européennes de transposition;RG-LCBFT-ENSEMBLE-DE-LA-DIRECTIVE-SCOPE;piège inter-réglementaire annoncé mais aucun régime voisin nommé : la confusion resterait abstraite
LCBFT;LCBFT-R-013;SCOPE;draft;HIGH;F10;EXCEPTION;;0;False;qualification;OVERGENERALIZATION;4;HIGH;not_retained;;;Ensemble de la directive = Directives européennes de transposition;RG-LCBFT-ENSEMBLE-DE-LA-DIRECTIVE-SCOPE;exceptions inconnues : tester une exception qu'on n'a pas cherchée reviendrait à l'inventer
LCBFT;LCBFT-R-013;SCOPE;draft;HIGH;F11;NEGATIVE_ASSERTION;;0;False;false_premise;NEGATIVE_ASSERTION;4;HIGH;not_retained;;;Ensemble de la directive = Directives européennes de transposition;RG-LCBFT-ENSEMBLE-DE-LA-DIRECTIVE-SCOPE;aucune affirmation négative documentée : il n'y a rien à nier
LCBFT;LCBFT-R-013;SCOPE;draft;HIGH;F12;MISSING_INFORMATION;LCBFT-R-013-F12;3;True;calibrated_abstention;MISSING_INFORMATION;4;MEDIUM;blocked;;;Ensemble de la directive = Directives européennes de transposition;RG-LCBFT-ENSEMBLE-DE-LA-DIRECTIVE-SCOPE;règle de type SCOPE : on peut nommer exactement la donnée qui manque pour conclure
MIFID;MIFID-R-001;OBLIGATION;draft;HIGH;F1;FACT_RECALL;MIFID-R-001-F1;2;True;fact;NONE;2;MEDIUM;blocked;;;Article 24 = Agir de manière honnête, équitable et professionnelle;RG-MIFID-ARTICLE-24-OBLIGATION;l'obligation elle-même se restitue : qui doit quoi, envers qui
MIFID;MIFID-R-001;OBLIGATION;draft;HIGH;F2;QUALIFICATION;MIFID-R-001-F2;3;True;qualification;NONE;4;HIGH;blocked;;;Article 24 = Agir de manière honnête, équitable et professionnelle;RG-MIFID-ARTICLE-24-OBLIGATION;un cas concret tranche : la règle dit qui est concerné et ce qui doit être fait, l'application est vérifiable
MIFID;MIFID-R-001;OBLIGATION;draft;HIGH;F3;CALCULATION;;0;False;calculation;NONE;3;HIGH;not_retained;;;Article 24 = Agir de manière honnête, équitable et professionnelle;RG-MIFID-ARTICLE-24-OBLIGATION;aucune computation réelle : un calcul serait fabriqué pour la question
MIFID;MIFID-R-001;OBLIGATION;draft;HIGH;F4;FALSE_PREMISE;MIFID-R-001-F4;2;True;false_premise;SCOPE_CONFUSION;4;HIGH;blocked;TG-MIFID-R-001;SCOPE_TWIN;Article 24 = Agir de manière honnête, équitable et professionnelle;RG-MIFID-ARTICLE-24-OBLIGATION;1 confusion(s) typique(s) documentée(s) : chacune se retourne en prémisse fausse plausible
MIFID;MIFID-R-001;OBLIGATION;draft;HIGH;F5;TRUE_PREMISE_ADVERSARIAL;MIFID-R-001-F5;2;True;true_premise_adversarial;NONE;4;MEDIUM;blocked;TG-MIFID-R-001;SCOPE_TWIN;Article 24 = Agir de manière honnête, équitable et professionnelle;RG-MIFID-ARTICLE-24-OBLIGATION;jumeau obligatoire de la fausse prémisse : sans lui, le modèle apprend « question adversariale ⇒ réfuter » et gagne des points en réfutant le vrai
MIFID;MIFID-R-001;OBLIGATION;draft;HIGH;F6;CALIBRATED_ABSTENTION;;1;False;calibrated_abstention;MISSING_INFORMATION;4;MEDIUM;not_retained;;;Article 24 = Agir de manière honnête, équitable et professionnelle;RG-MIFID-ARTICLE-24-OBLIGATION;exceptions inconnues : on ne peut pas affirmer qu'un cas est indécidable tant qu'on ignore ce que le texte prévoit
MIFID;MIFID-R-001;OBLIGATION;draft;HIGH;F7;CONDITIONAL_ANSWER;;0;False;qualification;NONE;3;HIGH;not_retained;;;Article 24 = Agir de manière honnête, équitable et professionnelle;RG-MIFID-ARTICLE-24-OBLIGATION;règle sans branche : une réponse conditionnelle serait un artifice
MIFID;MIFID-R-001;OBLIGATION;draft;HIGH;F8;TEMPORAL;;0;False;fact;TEMPORAL_CONFUSION;4;MEDIUM;not_retained;;;Article 24 = Agir de manière honnête, équitable et professionnelle;RG-MIFID-ARTICLE-24-OBLIGATION;règle stable et non bornée : une question temporelle porterait sur une date sans enjeu
MIFID;MIFID-R-001;OBLIGATION;draft;HIGH;F9;CROSS_REGULATORY;;0;False;qualification;CROSS_REGULATORY_CONFLATION;5;HIGH;not_retained;;;Article 24 = Agir de manière honnête, équitable et professionnelle;RG-MIFID-ARTICLE-24-OBLIGATION;aucun régime voisin : la confusion ne serait pas plausible
MIFID;MIFID-R-001;OBLIGATION;draft;HIGH;F10;EXCEPTION;;0;False;qualification;OVERGENERALIZATION;4;HIGH;not_retained;;;Article 24 = Agir de manière honnête, équitable et professionnelle;RG-MIFID-ARTICLE-24-OBLIGATION;exceptions inconnues : tester une exception qu'on n'a pas cherchée reviendrait à l'inventer
MIFID;MIFID-R-001;OBLIGATION;draft;HIGH;F11;NEGATIVE_ASSERTION;;0;False;false_premise;NEGATIVE_ASSERTION;4;HIGH;not_retained;;;Article 24 = Agir de manière honnête, équitable et professionnelle;RG-MIFID-ARTICLE-24-OBLIGATION;aucune affirmation négative documentée : il n'y a rien à nier
MIFID;MIFID-R-001;OBLIGATION;draft;HIGH;F12;MISSING_INFORMATION;MIFID-R-001-F12;2;True;calibrated_abstention;MISSING_INFORMATION;4;MEDIUM;blocked;;;Article 24 = Agir de manière honnête, équitable et professionnelle;RG-MIFID-ARTICLE-24-OBLIGATION;l'obligation dépend de faits identifiables : le modèle doit dire lesquels lui manquent
MIFID;MIFID-R-002;OBLIGATION;draft;CRITICAL;F1;FACT_RECALL;MIFID-R-002-F1;2;True;fact;NONE;3;HIGH;blocked;;;Article 25 = Évaluation de l'adéquation dans le conseil et la gestion de portefeuille;RG-MIFID-ARTICLE-25-OBLIGATION;l'obligation elle-même se restitue : qui doit quoi, envers qui
MIFID;MIFID-R-002;OBLIGATION;draft;CRITICAL;F2;QUALIFICATION;MIFID-R-002-F2;3;True;qualification;NONE;5;CRITICAL;blocked;;;Article 25 = Évaluation de l'adéquation dans le conseil et la gestion de portefeuille;RG-MIFID-ARTICLE-25-OBLIGATION;un cas concret tranche : la règle dit qui est concerné et ce qui doit être fait, l'application est vérifiable
MIFID;MIFID-R-002;OBLIGATION;draft;CRITICAL;F3;CALCULATION;;0;False;calculation;NONE;4;CRITICAL;not_retained;;;Article 25 = Évaluation de l'adéquation dans le conseil et la gestion de portefeuille;RG-MIFID-ARTICLE-25-OBLIGATION;aucune computation réelle : un calcul serait fabriqué pour la question
MIFID;MIFID-R-002;OBLIGATION;draft;CRITICAL;F4;FALSE_PREMISE;MIFID-R-002-F4;2;True;false_premise;SCOPE_CONFUSION;5;CRITICAL;blocked;TG-MIFID-R-002;SCOPE_TWIN;Article 25 = Évaluation de l'adéquation dans le conseil et la gestion de portefeuille;RG-MIFID-ARTICLE-25-OBLIGATION;3 confusion(s) typique(s) documentée(s) : chacune se retourne en prémisse fausse plausible
MIFID;MIFID-R-002;OBLIGATION;draft;CRITICAL;F5;TRUE_PREMISE_ADVERSARIAL;MIFID-R-002-F5;2;True;true_premise_adversarial;NONE;5;HIGH;blocked;TG-MIFID-R-002;SCOPE_TWIN;Article 25 = Évaluation de l'adéquation dans le conseil et la gestion de portefeuille;RG-MIFID-ARTICLE-25-OBLIGATION;jumeau obligatoire de la fausse prémisse : sans lui, le modèle apprend « question adversariale ⇒ réfuter » et gagne des points en réfutant le vrai
MIFID;MIFID-R-002;OBLIGATION;draft;CRITICAL;F6;CALIBRATED_ABSTENTION;;1;False;calibrated_abstention;MISSING_INFORMATION;5;HIGH;not_retained;;;Article 25 = Évaluation de l'adéquation dans le conseil et la gestion de portefeuille;RG-MIFID-ARTICLE-25-OBLIGATION;exceptions inconnues : on ne peut pas affirmer qu'un cas est indécidable tant qu'on ignore ce que le texte prévoit
MIFID;MIFID-R-002;OBLIGATION;draft;CRITICAL;F7;CONDITIONAL_ANSWER;MIFID-R-002-F7;2;True;qualification;NONE;4;CRITICAL;blocked;;;Article 25 = Évaluation de l'adéquation dans le conseil et la gestion de portefeuille;RG-MIFID-ARTICLE-25-OBLIGATION;l'énoncé se branche selon les faits : la bonne réponse dit « si A alors X, si B alors Y »
MIFID;MIFID-R-002;OBLIGATION;draft;CRITICAL;F8;TEMPORAL;;0;False;fact;TEMPORAL_CONFUSION;5;HIGH;not_retained;;;Article 25 = Évaluation de l'adéquation dans le conseil et la gestion de portefeuille;RG-MIFID-ARTICLE-25-OBLIGATION;règle stable et non bornée : une question temporelle porterait sur une date sans enjeu
MIFID;MIFID-R-002;OBLIGATION;draft;CRITICAL;F9;CROSS_REGULATORY;;0;False;qualification;CROSS_REGULATORY_CONFLATION;5;CRITICAL;not_retained;;;Article 25 = Évaluation de l'adéquation dans le conseil et la gestion de portefeuille;RG-MIFID-ARTICLE-25-OBLIGATION;aucun régime voisin : la confusion ne serait pas plausible
MIFID;MIFID-R-002;OBLIGATION;draft;CRITICAL;F10;EXCEPTION;;0;False;qualification;OVERGENERALIZATION;5;CRITICAL;not_retained;;;Article 25 = Évaluation de l'adéquation dans le conseil et la gestion de portefeuille;RG-MIFID-ARTICLE-25-OBLIGATION;exceptions inconnues : tester une exception qu'on n'a pas cherchée reviendrait à l'inventer
MIFID;MIFID-R-002;OBLIGATION;draft;CRITICAL;F11;NEGATIVE_ASSERTION;;0;False;false_premise;NEGATIVE_ASSERTION;5;CRITICAL;not_retained;;;Article 25 = Évaluation de l'adéquation dans le conseil et la gestion de portefeuille;RG-MIFID-ARTICLE-25-OBLIGATION;aucune affirmation négative documentée : il n'y a rien à nier
MIFID;MIFID-R-002;OBLIGATION;draft;CRITICAL;F12;MISSING_INFORMATION;MIFID-R-002-F12;2;True;calibrated_abstention;MISSING_INFORMATION;5;HIGH;blocked;;;Article 25 = Évaluation de l'adéquation dans le conseil et la gestion de portefeuille;RG-MIFID-ARTICLE-25-OBLIGATION;l'obligation dépend de faits identifiables : le modèle doit dire lesquels lui manquent
MIFID;MIFID-R-003;OBLIGATION;draft;CRITICAL;F1;FACT_RECALL;MIFID-R-003-F1;2;True;fact;NONE;2;HIGH;blocked;;;Article 25 = Évaluation du caractère approprié hors conseil;RG-MIFID-ARTICLE-25-OBLIGATION;l'obligation elle-même se restitue : qui doit quoi, envers qui
MIFID;MIFID-R-003;OBLIGATION;draft;CRITICAL;F2;QUALIFICATION;MIFID-R-003-F2;3;True;qualification;NONE;4;CRITICAL;blocked;;;Article 25 = Évaluation du caractère approprié hors conseil;RG-MIFID-ARTICLE-25-OBLIGATION;un cas concret tranche : la règle dit qui est concerné et ce qui doit être fait, l'application est vérifiable
MIFID;MIFID-R-003;OBLIGATION;draft;CRITICAL;F3;CALCULATION;;0;False;calculation;NONE;3;CRITICAL;not_retained;;;Article 25 = Évaluation du caractère approprié hors conseil;RG-MIFID-ARTICLE-25-OBLIGATION;aucune computation réelle : un calcul serait fabriqué pour la question
MIFID;MIFID-R-003;OBLIGATION;draft;CRITICAL;F4;FALSE_PREMISE;MIFID-R-003-F4;2;True;false_premise;SCOPE_CONFUSION;4;CRITICAL;blocked;TG-MIFID-R-003;SCOPE_TWIN;Article 25 = Évaluation du caractère approprié hors conseil;RG-MIFID-ARTICLE-25-OBLIGATION;2 confusion(s) typique(s) documentée(s) : chacune se retourne en prémisse fausse plausible
MIFID;MIFID-R-003;OBLIGATION;draft;CRITICAL;F5;TRUE_PREMISE_ADVERSARIAL;MIFID-R-003-F5;2;True;true_premise_adversarial;NONE;4;HIGH;blocked;TG-MIFID-R-003;SCOPE_TWIN;Article 25 = Évaluation du caractère approprié hors conseil;RG-MIFID-ARTICLE-25-OBLIGATION;jumeau obligatoire de la fausse prémisse : sans lui, le modèle apprend « question adversariale ⇒ réfuter » et gagne des points en réfutant le vrai
MIFID;MIFID-R-003;OBLIGATION;draft;CRITICAL;F6;CALIBRATED_ABSTENTION;;1;False;calibrated_abstention;MISSING_INFORMATION;4;HIGH;not_retained;;;Article 25 = Évaluation du caractère approprié hors conseil;RG-MIFID-ARTICLE-25-OBLIGATION;exceptions inconnues : on ne peut pas affirmer qu'un cas est indécidable tant qu'on ignore ce que le texte prévoit
MIFID;MIFID-R-003;OBLIGATION;draft;CRITICAL;F7;CONDITIONAL_ANSWER;MIFID-R-003-F7;2;True;qualification;NONE;3;CRITICAL;blocked;;;Article 25 = Évaluation du caractère approprié hors conseil;RG-MIFID-ARTICLE-25-OBLIGATION;l'énoncé se branche selon les faits : la bonne réponse dit « si A alors X, si B alors Y »
MIFID;MIFID-R-003;OBLIGATION;draft;CRITICAL;F8;TEMPORAL;;0;False;fact;TEMPORAL_CONFUSION;4;HIGH;not_retained;;;Article 25 = Évaluation du caractère approprié hors conseil;RG-MIFID-ARTICLE-25-OBLIGATION;règle stable et non bornée : une question temporelle porterait sur une date sans enjeu
MIFID;MIFID-R-003;OBLIGATION;draft;CRITICAL;F9;CROSS_REGULATORY;;0;False;qualification;CROSS_REGULATORY_CONFLATION;5;CRITICAL;not_retained;;;Article 25 = Évaluation du caractère approprié hors conseil;RG-MIFID-ARTICLE-25-OBLIGATION;aucun régime voisin : la confusion ne serait pas plausible
MIFID;MIFID-R-003;OBLIGATION;draft;CRITICAL;F10;EXCEPTION;;0;False;qualification;OVERGENERALIZATION;4;CRITICAL;not_retained;;;Article 25 = Évaluation du caractère approprié hors conseil;RG-MIFID-ARTICLE-25-OBLIGATION;exceptions inconnues : tester une exception qu'on n'a pas cherchée reviendrait à l'inventer
MIFID;MIFID-R-003;OBLIGATION;draft;CRITICAL;F11;NEGATIVE_ASSERTION;;0;False;false_premise;NEGATIVE_ASSERTION;4;CRITICAL;not_retained;;;Article 25 = Évaluation du caractère approprié hors conseil;RG-MIFID-ARTICLE-25-OBLIGATION;aucune affirmation négative documentée : il n'y a rien à nier
MIFID;MIFID-R-003;OBLIGATION;draft;CRITICAL;F12;MISSING_INFORMATION;MIFID-R-003-F12;2;True;calibrated_abstention;MISSING_INFORMATION;4;HIGH;blocked;;;Article 25 = Évaluation du caractère approprié hors conseil;RG-MIFID-ARTICLE-25-OBLIGATION;l'obligation dépend de faits identifiables : le modèle doit dire lesquels lui manquent
MIFID;MIFID-R-004;EXCEPTION;draft;CRITICAL;F1;FACT_RECALL;;1;False;fact;NONE;2;HIGH;not_retained;;;Article 25 = Régime d'exécution simple pour les instruments non complexes;RG-MIFID-ARTICLE-25-EXCEPTION;règle de type EXCEPTION : la restitution porterait sur un dispositif diffus, difficile à noter exactement
MIFID;MIFID-R-004;EXCEPTION;draft;CRITICAL;F2;QUALIFICATION;MIFID-R-004-F2;3;True;qualification;NONE;4;CRITICAL;blocked;;;Article 25 = Régime d'exécution simple pour les instruments non complexes;RG-MIFID-ARTICLE-25-EXCEPTION;un cas concret tranche : la règle dit qui est concerné et ce qui doit être fait, l'application est vérifiable
MIFID;MIFID-R-004;EXCEPTION;draft;CRITICAL;F3;CALCULATION;;0;False;calculation;NONE;3;CRITICAL;not_retained;;;Article 25 = Régime d'exécution simple pour les instruments non complexes;RG-MIFID-ARTICLE-25-EXCEPTION;aucune computation réelle : un calcul serait fabriqué pour la question
MIFID;MIFID-R-004;EXCEPTION;draft;CRITICAL;F4;FALSE_PREMISE;MIFID-R-004-F4;2;True;false_premise;SCOPE_CONFUSION;4;CRITICAL;blocked;TG-MIFID-R-004;SCOPE_TWIN;Article 25 = Régime d'exécution simple pour les instruments non complexes;RG-MIFID-ARTICLE-25-EXCEPTION;3 confusion(s) typique(s) documentée(s) : chacune se retourne en prémisse fausse plausible
MIFID;MIFID-R-004;EXCEPTION;draft;CRITICAL;F5;TRUE_PREMISE_ADVERSARIAL;MIFID-R-004-F5;2;True;true_premise_adversarial;NONE;4;HIGH;blocked;TG-MIFID-R-004;SCOPE_TWIN;Article 25 = Régime d'exécution simple pour les instruments non complexes;RG-MIFID-ARTICLE-25-EXCEPTION;jumeau obligatoire de la fausse prémisse : sans lui, le modèle apprend « question adversariale ⇒ réfuter » et gagne des points en réfutant le vrai
MIFID;MIFID-R-004;EXCEPTION;draft;CRITICAL;F6;CALIBRATED_ABSTENTION;;1;False;calibrated_abstention;MISSING_INFORMATION;4;HIGH;not_retained;;;Article 25 = Régime d'exécution simple pour les instruments non complexes;RG-MIFID-ARTICLE-25-EXCEPTION;exceptions inconnues : on ne peut pas affirmer qu'un cas est indécidable tant qu'on ignore ce que le texte prévoit
MIFID;MIFID-R-004;EXCEPTION;draft;CRITICAL;F7;CONDITIONAL_ANSWER;MIFID-R-004-F7;2;True;qualification;NONE;3;CRITICAL;blocked;;;Article 25 = Régime d'exécution simple pour les instruments non complexes;RG-MIFID-ARTICLE-25-EXCEPTION;l'énoncé se branche selon les faits : la bonne réponse dit « si A alors X, si B alors Y »
MIFID;MIFID-R-004;EXCEPTION;draft;CRITICAL;F8;TEMPORAL;;0;False;fact;TEMPORAL_CONFUSION;4;HIGH;not_retained;;;Article 25 = Régime d'exécution simple pour les instruments non complexes;RG-MIFID-ARTICLE-25-EXCEPTION;règle stable et non bornée : une question temporelle porterait sur une date sans enjeu
MIFID;MIFID-R-004;EXCEPTION;draft;CRITICAL;F9;CROSS_REGULATORY;;0;False;qualification;CROSS_REGULATORY_CONFLATION;5;CRITICAL;not_retained;;;Article 25 = Régime d'exécution simple pour les instruments non complexes;RG-MIFID-ARTICLE-25-EXCEPTION;aucun régime voisin : la confusion ne serait pas plausible
MIFID;MIFID-R-004;EXCEPTION;draft;CRITICAL;F10;EXCEPTION;;0;False;qualification;OVERGENERALIZATION;4;CRITICAL;not_retained;;;Article 25 = Régime d'exécution simple pour les instruments non complexes;RG-MIFID-ARTICLE-25-EXCEPTION;exceptions inconnues : tester une exception qu'on n'a pas cherchée reviendrait à l'inventer
MIFID;MIFID-R-004;EXCEPTION;draft;CRITICAL;F11;NEGATIVE_ASSERTION;;0;False;false_premise;NEGATIVE_ASSERTION;4;CRITICAL;not_retained;;;Article 25 = Régime d'exécution simple pour les instruments non complexes;RG-MIFID-ARTICLE-25-EXCEPTION;aucune affirmation négative documentée : il n'y a rien à nier
MIFID;MIFID-R-004;EXCEPTION;draft;CRITICAL;F12;MISSING_INFORMATION;MIFID-R-004-F12;3;True;calibrated_abstention;MISSING_INFORMATION;4;HIGH;blocked;;;Article 25 = Régime d'exécution simple pour les instruments non complexes;RG-MIFID-ARTICLE-25-EXCEPTION;règle de type EXCEPTION : on peut nommer exactement la donnée qui manque pour conclure
MIFID;MIFID-R-005;DISCLOSURE;draft;HIGH;F1;FACT_RECALL;MIFID-R-005-F1;2;True;fact;NONE;2;MEDIUM;blocked;;;Article 25 = Rapport d'adéquation au client de détail;RG-MIFID-ARTICLE-25-DISCLOSURE;l'obligation elle-même se restitue : qui doit quoi, envers qui
MIFID;MIFID-R-005;DISCLOSURE;draft;HIGH;F2;QUALIFICATION;MIFID-R-005-F2;2;True;qualification;NONE;4;HIGH;blocked;;;Article 25 = Rapport d'adéquation au client de détail;RG-MIFID-ARTICLE-25-DISCLOSURE;la règle se projette sur un cas, avec une réponse tranchable
MIFID;MIFID-R-005;DISCLOSURE;draft;HIGH;F3;CALCULATION;;0;False;calculation;NONE;3;HIGH;not_retained;;;Article 25 = Rapport d'adéquation au client de détail;RG-MIFID-ARTICLE-25-DISCLOSURE;aucune computation réelle : un calcul serait fabriqué pour la question
MIFID;MIFID-R-005;DISCLOSURE;draft;HIGH;F4;FALSE_PREMISE;MIFID-R-005-F4;2;True;false_premise;SCOPE_CONFUSION;4;HIGH;blocked;TG-MIFID-R-005;SCOPE_TWIN;Article 25 = Rapport d'adéquation au client de détail;RG-MIFID-ARTICLE-25-DISCLOSURE;1 confusion(s) typique(s) documentée(s) : chacune se retourne en prémisse fausse plausible
MIFID;MIFID-R-005;DISCLOSURE;draft;HIGH;F5;TRUE_PREMISE_ADVERSARIAL;MIFID-R-005-F5;2;True;true_premise_adversarial;NONE;4;MEDIUM;blocked;TG-MIFID-R-005;SCOPE_TWIN;Article 25 = Rapport d'adéquation au client de détail;RG-MIFID-ARTICLE-25-DISCLOSURE;jumeau obligatoire de la fausse prémisse : sans lui, le modèle apprend « question adversariale ⇒ réfuter » et gagne des points en réfutant le vrai
MIFID;MIFID-R-005;DISCLOSURE;draft;HIGH;F6;CALIBRATED_ABSTENTION;;1;False;calibrated_abstention;MISSING_INFORMATION;4;MEDIUM;not_retained;;;Article 25 = Rapport d'adéquation au client de détail;RG-MIFID-ARTICLE-25-DISCLOSURE;exceptions inconnues : on ne peut pas affirmer qu'un cas est indécidable tant qu'on ignore ce que le texte prévoit
MIFID;MIFID-R-005;DISCLOSURE;draft;HIGH;F7;CONDITIONAL_ANSWER;MIFID-R-005-F7;2;True;qualification;NONE;3;HIGH;blocked;;;Article 25 = Rapport d'adéquation au client de détail;RG-MIFID-ARTICLE-25-DISCLOSURE;l'énoncé se branche selon les faits : la bonne réponse dit « si A alors X, si B alors Y »
MIFID;MIFID-R-005;DISCLOSURE;draft;HIGH;F8;TEMPORAL;;0;False;fact;TEMPORAL_CONFUSION;4;MEDIUM;not_retained;;;Article 25 = Rapport d'adéquation au client de détail;RG-MIFID-ARTICLE-25-DISCLOSURE;règle stable et non bornée : une question temporelle porterait sur une date sans enjeu
MIFID;MIFID-R-005;DISCLOSURE;draft;HIGH;F9;CROSS_REGULATORY;;0;False;qualification;CROSS_REGULATORY_CONFLATION;5;HIGH;not_retained;;;Article 25 = Rapport d'adéquation au client de détail;RG-MIFID-ARTICLE-25-DISCLOSURE;aucun régime voisin : la confusion ne serait pas plausible
MIFID;MIFID-R-005;DISCLOSURE;draft;HIGH;F10;EXCEPTION;;0;False;qualification;OVERGENERALIZATION;4;HIGH;not_retained;;;Article 25 = Rapport d'adéquation au client de détail;RG-MIFID-ARTICLE-25-DISCLOSURE;exceptions inconnues : tester une exception qu'on n'a pas cherchée reviendrait à l'inventer
MIFID;MIFID-R-005;DISCLOSURE;draft;HIGH;F11;NEGATIVE_ASSERTION;;0;False;false_premise;NEGATIVE_ASSERTION;4;HIGH;not_retained;;;Article 25 = Rapport d'adéquation au client de détail;RG-MIFID-ARTICLE-25-DISCLOSURE;aucune affirmation négative documentée : il n'y a rien à nier
MIFID;MIFID-R-005;DISCLOSURE;draft;HIGH;F12;MISSING_INFORMATION;MIFID-R-005-F12;2;True;calibrated_abstention;MISSING_INFORMATION;4;MEDIUM;blocked;;;Article 25 = Rapport d'adéquation au client de détail;RG-MIFID-ARTICLE-25-DISCLOSURE;l'obligation dépend de faits identifiables : le modèle doit dire lesquels lui manquent
MIFID;MIFID-R-006;DEFINITION;draft;CRITICAL;F1;FACT_RECALL;MIFID-R-006-F1;3;True;fact;NONE;3;HIGH;blocked;;;Article 2 et article 54 du règlement délégué (UE) 2017/565 modifié = Préférences en matière de durabilité;RG-MIFID-ARTICLE-2-ET-ARTICLE-54-DEFINITION;règle de type DEFINITION : elle porte un élément restituable exactement (définition, seuil, délai ou périmètre)
MIFID;MIFID-R-006;DEFINITION;draft;CRITICAL;F2;QUALIFICATION;;1;False;qualification;NONE;5;CRITICAL;not_retained;;;Article 2 et article 54 du règlement délégué (UE) 2017/565 modifié = Préférences en matière de durabilité;RG-MIFID-ARTICLE-2-ET-ARTICLE-54-DEFINITION;une définition s'applique mal seule : la qualification dépendrait d'une règle d'obligation qu'il faudrait joindre
MIFID;MIFID-R-006;DEFINITION;draft;CRITICAL;F3;CALCULATION;;0;False;calculation;NONE;4;CRITICAL;not_retained;;;Article 2 et article 54 du règlement délégué (UE) 2017/565 modifié = Préférences en matière de durabilité;RG-MIFID-ARTICLE-2-ET-ARTICLE-54-DEFINITION;aucune computation réelle : un calcul serait fabriqué pour la question
MIFID;MIFID-R-006;DEFINITION;draft;CRITICAL;F4;FALSE_PREMISE;MIFID-R-006-F4;2;True;false_premise;CONCEPT_CONFLATION;5;CRITICAL;blocked;TG-MIFID-R-006;FALSE_TRUE;Article 2 et article 54 du règlement délégué (UE) 2017/565 modifié = Préférences en matière de durabilité;RG-MIFID-ARTICLE-2-ET-ARTICLE-54-DEFINITION;3 confusion(s) typique(s) documentée(s) : chacune se retourne en prémisse fausse plausible
MIFID;MIFID-R-006;DEFINITION;draft;CRITICAL;F5;TRUE_PREMISE_ADVERSARIAL;MIFID-R-006-F5;2;True;true_premise_adversarial;NONE;5;HIGH;blocked;TG-MIFID-R-006;FALSE_TRUE;Article 2 et article 54 du règlement délégué (UE) 2017/565 modifié = Préférences en matière de durabilité;RG-MIFID-ARTICLE-2-ET-ARTICLE-54-DEFINITION;jumeau obligatoire de la fausse prémisse : sans lui, le modèle apprend « question adversariale ⇒ réfuter » et gagne des points en réfutant le vrai
MIFID;MIFID-R-006;DEFINITION;draft;CRITICAL;F6;CALIBRATED_ABSTENTION;;1;False;calibrated_abstention;MISSING_INFORMATION;5;HIGH;not_retained;;;Article 2 et article 54 du règlement délégué (UE) 2017/565 modifié = Préférences en matière de durabilité;RG-MIFID-ARTICLE-2-ET-ARTICLE-54-DEFINITION;exceptions inconnues : on ne peut pas affirmer qu'un cas est indécidable tant qu'on ignore ce que le texte prévoit
MIFID;MIFID-R-006;DEFINITION;draft;CRITICAL;F7;CONDITIONAL_ANSWER;;0;False;qualification;NONE;4;CRITICAL;not_retained;;;Article 2 et article 54 du règlement délégué (UE) 2017/565 modifié = Préférences en matière de durabilité;RG-MIFID-ARTICLE-2-ET-ARTICLE-54-DEFINITION;règle sans branche : une réponse conditionnelle serait un artifice
MIFID;MIFID-R-006;DEFINITION;draft;CRITICAL;F8;TEMPORAL;MIFID-R-006-F8;2;True;fact;TEMPORAL_CONFUSION;5;HIGH;blocked;;;Article 2 et article 54 du règlement délégué (UE) 2017/565 modifié = Préférences en matière de durabilité;RG-MIFID-ARTICLE-2-ET-ARTICLE-54-DEFINITION;règle marquée sensible au temps : l'entrée en vigueur et le régime applicable à une date donnée se testent
MIFID;MIFID-R-006;DEFINITION;draft;CRITICAL;F9;CROSS_REGULATORY;MIFID-R-006-F9;3;True;qualification;CROSS_REGULATORY_CONFLATION;5;CRITICAL;blocked;;;Article 2 et article 54 du règlement délégué (UE) 2017/565 modifié = Préférences en matière de durabilité;RG-MIFID-ARTICLE-2-ET-ARTICLE-54-DEFINITION;confusion inter-réglementaire documentée et régime(s) voisin(s) identifié(s) : SFDR
MIFID;MIFID-R-006;DEFINITION;draft;CRITICAL;F10;EXCEPTION;;0;False;qualification;OVERGENERALIZATION;5;CRITICAL;not_retained;;;Article 2 et article 54 du règlement délégué (UE) 2017/565 modifié = Préférences en matière de durabilité;RG-MIFID-ARTICLE-2-ET-ARTICLE-54-DEFINITION;exceptions inconnues : tester une exception qu'on n'a pas cherchée reviendrait à l'inventer
MIFID;MIFID-R-006;DEFINITION;draft;CRITICAL;F11;NEGATIVE_ASSERTION;;0;False;false_premise;NEGATIVE_ASSERTION;5;CRITICAL;not_retained;;;Article 2 et article 54 du règlement délégué (UE) 2017/565 modifié = Préférences en matière de durabilité;RG-MIFID-ARTICLE-2-ET-ARTICLE-54-DEFINITION;aucune affirmation négative documentée : il n'y a rien à nier
MIFID;MIFID-R-006;DEFINITION;draft;CRITICAL;F12;MISSING_INFORMATION;;1;False;calibrated_abstention;MISSING_INFORMATION;5;HIGH;not_retained;;;Article 2 et article 54 du règlement délégué (UE) 2017/565 modifié = Préférences en matière de durabilité;RG-MIFID-ARTICLE-2-ET-ARTICLE-54-DEFINITION;la donnée manquante serait difficile à nommer précisément : la demande d'information resterait vague
MIFID;MIFID-R-007;PROCEDURE;draft;CRITICAL;F1;FACT_RECALL;;1;False;fact;NONE;2;HIGH;not_retained;;;Article 54 = Adaptation des préférences de durabilité;RG-MIFID-ARTICLE-54-PROCEDURE;règle de type PROCEDURE : la restitution porterait sur un dispositif diffus, difficile à noter exactement
MIFID;MIFID-R-007;PROCEDURE;draft;CRITICAL;F2;QUALIFICATION;MIFID-R-007-F2;2;True;qualification;NONE;4;CRITICAL;blocked;;;Article 54 = Adaptation des préférences de durabilité;RG-MIFID-ARTICLE-54-PROCEDURE;la règle se projette sur un cas, avec une réponse tranchable
MIFID;MIFID-R-007;PROCEDURE;draft;CRITICAL;F3;CALCULATION;;0;False;calculation;NONE;3;CRITICAL;not_retained;;;Article 54 = Adaptation des préférences de durabilité;RG-MIFID-ARTICLE-54-PROCEDURE;aucune computation réelle : un calcul serait fabriqué pour la question
MIFID;MIFID-R-007;PROCEDURE;draft;CRITICAL;F4;FALSE_PREMISE;MIFID-R-007-F4;3;True;false_premise;EXCEPTION_OMISSION;4;CRITICAL;blocked;TG-MIFID-R-007;EXCEPTION_TWIN;Article 54 = Adaptation des préférences de durabilité;RG-MIFID-ARTICLE-54-PROCEDURE;1 affirmation(s) fausse(s) déjà identifiée(s) sur cette règle : la prémisse est prête à être réfutée, sous réserve de vérifier l'absence
MIFID;MIFID-R-007;PROCEDURE;draft;CRITICAL;F5;TRUE_PREMISE_ADVERSARIAL;MIFID-R-007-F5;3;True;true_premise_adversarial;NONE;4;HIGH;blocked;TG-MIFID-R-007;EXCEPTION_TWIN;Article 54 = Adaptation des préférences de durabilité;RG-MIFID-ARTICLE-54-PROCEDURE;jumeau obligatoire de la fausse prémisse : sans lui, le modèle apprend « question adversariale ⇒ réfuter » et gagne des points en réfutant le vrai
MIFID;MIFID-R-007;PROCEDURE;draft;CRITICAL;F6;CALIBRATED_ABSTENTION;;1;False;calibrated_abstention;MISSING_INFORMATION;4;HIGH;not_retained;;;Article 54 = Adaptation des préférences de durabilité;RG-MIFID-ARTICLE-54-PROCEDURE;exceptions inconnues : on ne peut pas affirmer qu'un cas est indécidable tant qu'on ignore ce que le texte prévoit
MIFID;MIFID-R-007;PROCEDURE;draft;CRITICAL;F7;CONDITIONAL_ANSWER;MIFID-R-007-F7;2;True;qualification;NONE;3;CRITICAL;blocked;;;Article 54 = Adaptation des préférences de durabilité;RG-MIFID-ARTICLE-54-PROCEDURE;l'énoncé se branche selon les faits : la bonne réponse dit « si A alors X, si B alors Y »
MIFID;MIFID-R-007;PROCEDURE;draft;CRITICAL;F8;TEMPORAL;MIFID-R-007-F8;2;True;fact;TEMPORAL_CONFUSION;4;HIGH;blocked;;;Article 54 = Adaptation des préférences de durabilité;RG-MIFID-ARTICLE-54-PROCEDURE;règle marquée sensible au temps : l'entrée en vigueur et le régime applicable à une date donnée se testent
MIFID;MIFID-R-007;PROCEDURE;draft;CRITICAL;F9;CROSS_REGULATORY;;0;False;qualification;CROSS_REGULATORY_CONFLATION;5;CRITICAL;not_retained;;;Article 54 = Adaptation des préférences de durabilité;RG-MIFID-ARTICLE-54-PROCEDURE;aucun régime voisin : la confusion ne serait pas plausible
MIFID;MIFID-R-007;PROCEDURE;draft;CRITICAL;F10;EXCEPTION;;0;False;qualification;OVERGENERALIZATION;4;CRITICAL;not_retained;;;Article 54 = Adaptation des préférences de durabilité;RG-MIFID-ARTICLE-54-PROCEDURE;exceptions inconnues : tester une exception qu'on n'a pas cherchée reviendrait à l'inventer
MIFID;MIFID-R-007;PROCEDURE;draft;CRITICAL;F11;NEGATIVE_ASSERTION;MIFID-R-007-F11;2;True;false_premise;NEGATIVE_ASSERTION;4;CRITICAL;blocked;;;Article 54 = Adaptation des préférences de durabilité;RG-MIFID-ARTICLE-54-PROCEDURE;1 affirmation(s) négative(s) identifiée(s), aucune encore vérifiée absente : la famille est prête mais pas sourçable
MIFID;MIFID-R-007;PROCEDURE;draft;CRITICAL;F12;MISSING_INFORMATION;MIFID-R-007-F12;3;True;calibrated_abstention;MISSING_INFORMATION;4;HIGH;blocked;;;Article 54 = Adaptation des préférences de durabilité;RG-MIFID-ARTICLE-54-PROCEDURE;règle de type PROCEDURE : on peut nommer exactement la donnée qui manque pour conclure
MIFID;MIFID-R-008;RECORD_KEEPING;draft;HIGH;F1;FACT_RECALL;;1;False;fact;NONE;2;MEDIUM;not_retained;;;Article 16 = Conservation des enregistrements;RG-MIFID-ARTICLE-16-RECORD_KEEPING;règle de type RECORD_KEEPING : la restitution porterait sur un dispositif diffus, difficile à noter exactement
MIFID;MIFID-R-008;RECORD_KEEPING;draft;HIGH;F2;QUALIFICATION;MIFID-R-008-F2;2;True;qualification;NONE;4;HIGH;blocked;;;Article 16 = Conservation des enregistrements;RG-MIFID-ARTICLE-16-RECORD_KEEPING;la règle se projette sur un cas, avec une réponse tranchable
MIFID;MIFID-R-008;RECORD_KEEPING;draft;HIGH;F3;CALCULATION;;0;False;calculation;NONE;3;HIGH;not_retained;;;Article 16 = Conservation des enregistrements;RG-MIFID-ARTICLE-16-RECORD_KEEPING;aucune computation réelle : un calcul serait fabriqué pour la question
MIFID;MIFID-R-008;RECORD_KEEPING;draft;HIGH;F4;FALSE_PREMISE;MIFID-R-008-F4;3;True;false_premise;FALSE_THRESHOLD;4;HIGH;blocked;TG-MIFID-R-008;FALSE_TRUE;Article 16 = Conservation des enregistrements;RG-MIFID-ARTICLE-16-RECORD_KEEPING;la règle porte un piège d'invention (seuil ou article) : la fausse prémisse s'écrit directement dessus
MIFID;MIFID-R-008;RECORD_KEEPING;draft;HIGH;F5;TRUE_PREMISE_ADVERSARIAL;MIFID-R-008-F5;3;True;true_premise_adversarial;NONE;4;MEDIUM;blocked;TG-MIFID-R-008;FALSE_TRUE;Article 16 = Conservation des enregistrements;RG-MIFID-ARTICLE-16-RECORD_KEEPING;jumeau obligatoire de la fausse prémisse : sans lui, le modèle apprend « question adversariale ⇒ réfuter » et gagne des points en réfutant le vrai
MIFID;MIFID-R-008;RECORD_KEEPING;draft;HIGH;F6;CALIBRATED_ABSTENTION;;1;False;calibrated_abstention;MISSING_INFORMATION;4;MEDIUM;not_retained;;;Article 16 = Conservation des enregistrements;RG-MIFID-ARTICLE-16-RECORD_KEEPING;exceptions inconnues : on ne peut pas affirmer qu'un cas est indécidable tant qu'on ignore ce que le texte prévoit
MIFID;MIFID-R-008;RECORD_KEEPING;draft;HIGH;F7;CONDITIONAL_ANSWER;;0;False;qualification;NONE;3;HIGH;not_retained;;;Article 16 = Conservation des enregistrements;RG-MIFID-ARTICLE-16-RECORD_KEEPING;règle sans branche : une réponse conditionnelle serait un artifice
MIFID;MIFID-R-008;RECORD_KEEPING;draft;HIGH;F8;TEMPORAL;MIFID-R-008-F8;2;True;fact;TEMPORAL_CONFUSION;4;MEDIUM;blocked;;;Article 16 = Conservation des enregistrements;RG-MIFID-ARTICLE-16-RECORD_KEEPING;piège de confusion temporelle documenté sur cette règle
MIFID;MIFID-R-008;RECORD_KEEPING;draft;HIGH;F9;CROSS_REGULATORY;MIFID-R-008-F9;3;True;qualification;CROSS_REGULATORY_CONFLATION;5;HIGH;blocked;;;Article 16 = Conservation des enregistrements;RG-MIFID-ARTICLE-16-RECORD_KEEPING;confusion inter-réglementaire documentée et régime(s) voisin(s) identifié(s) : LCBFT
MIFID;MIFID-R-008;RECORD_KEEPING;draft;HIGH;F10;EXCEPTION;;0;False;qualification;OVERGENERALIZATION;4;HIGH;not_retained;;;Article 16 = Conservation des enregistrements;RG-MIFID-ARTICLE-16-RECORD_KEEPING;exceptions inconnues : tester une exception qu'on n'a pas cherchée reviendrait à l'inventer
MIFID;MIFID-R-008;RECORD_KEEPING;draft;HIGH;F11;NEGATIVE_ASSERTION;;0;False;false_premise;NEGATIVE_ASSERTION;4;HIGH;not_retained;;;Article 16 = Conservation des enregistrements;RG-MIFID-ARTICLE-16-RECORD_KEEPING;aucune affirmation négative documentée : il n'y a rien à nier
MIFID;MIFID-R-008;RECORD_KEEPING;draft;HIGH;F12;MISSING_INFORMATION;;1;False;calibrated_abstention;MISSING_INFORMATION;4;MEDIUM;not_retained;;;Article 16 = Conservation des enregistrements;RG-MIFID-ARTICLE-16-RECORD_KEEPING;la donnée manquante serait difficile à nommer précisément : la demande d'information resterait vague
MIFID;MIFID-R-009;OBLIGATION;draft;HIGH;F1;FACT_RECALL;MIFID-R-009-F1;2;True;fact;NONE;2;MEDIUM;blocked;;;Article 27 = Meilleure exécution;RG-MIFID-ARTICLE-27-OBLIGATION;l'obligation elle-même se restitue : qui doit quoi, envers qui
MIFID;MIFID-R-009;OBLIGATION;draft;HIGH;F2;QUALIFICATION;MIFID-R-009-F2;3;True;qualification;NONE;4;HIGH;blocked;;;Article 27 = Meilleure exécution;RG-MIFID-ARTICLE-27-OBLIGATION;un cas concret tranche : la règle dit qui est concerné et ce qui doit être fait, l'application est vérifiable
MIFID;MIFID-R-009;OBLIGATION;draft;HIGH;F3;CALCULATION;;0;False;calculation;NONE;3;HIGH;not_retained;;;Article 27 = Meilleure exécution;RG-MIFID-ARTICLE-27-OBLIGATION;aucune computation réelle : un calcul serait fabriqué pour la question
MIFID;MIFID-R-009;OBLIGATION;draft;HIGH;F4;FALSE_PREMISE;MIFID-R-009-F4;2;True;false_premise;DEFINITION_DRIFT;4;HIGH;blocked;TG-MIFID-R-009;FALSE_TRUE;Article 27 = Meilleure exécution;RG-MIFID-ARTICLE-27-OBLIGATION;2 confusion(s) typique(s) documentée(s) : chacune se retourne en prémisse fausse plausible
MIFID;MIFID-R-009;OBLIGATION;draft;HIGH;F5;TRUE_PREMISE_ADVERSARIAL;MIFID-R-009-F5;2;True;true_premise_adversarial;NONE;4;MEDIUM;blocked;TG-MIFID-R-009;FALSE_TRUE;Article 27 = Meilleure exécution;RG-MIFID-ARTICLE-27-OBLIGATION;jumeau obligatoire de la fausse prémisse : sans lui, le modèle apprend « question adversariale ⇒ réfuter » et gagne des points en réfutant le vrai
MIFID;MIFID-R-009;OBLIGATION;draft;HIGH;F6;CALIBRATED_ABSTENTION;;1;False;calibrated_abstention;MISSING_INFORMATION;4;MEDIUM;not_retained;;;Article 27 = Meilleure exécution;RG-MIFID-ARTICLE-27-OBLIGATION;exceptions inconnues : on ne peut pas affirmer qu'un cas est indécidable tant qu'on ignore ce que le texte prévoit
MIFID;MIFID-R-009;OBLIGATION;draft;HIGH;F7;CONDITIONAL_ANSWER;;0;False;qualification;NONE;3;HIGH;not_retained;;;Article 27 = Meilleure exécution;RG-MIFID-ARTICLE-27-OBLIGATION;règle sans branche : une réponse conditionnelle serait un artifice
MIFID;MIFID-R-009;OBLIGATION;draft;HIGH;F8;TEMPORAL;;0;False;fact;TEMPORAL_CONFUSION;4;MEDIUM;not_retained;;;Article 27 = Meilleure exécution;RG-MIFID-ARTICLE-27-OBLIGATION;règle stable et non bornée : une question temporelle porterait sur une date sans enjeu
MIFID;MIFID-R-009;OBLIGATION;draft;HIGH;F9;CROSS_REGULATORY;;0;False;qualification;CROSS_REGULATORY_CONFLATION;5;HIGH;not_retained;;;Article 27 = Meilleure exécution;RG-MIFID-ARTICLE-27-OBLIGATION;aucun régime voisin : la confusion ne serait pas plausible
MIFID;MIFID-R-009;OBLIGATION;draft;HIGH;F10;EXCEPTION;;0;False;qualification;OVERGENERALIZATION;4;HIGH;not_retained;;;Article 27 = Meilleure exécution;RG-MIFID-ARTICLE-27-OBLIGATION;exceptions inconnues : tester une exception qu'on n'a pas cherchée reviendrait à l'inventer
MIFID;MIFID-R-009;OBLIGATION;draft;HIGH;F11;NEGATIVE_ASSERTION;;0;False;false_premise;NEGATIVE_ASSERTION;4;HIGH;not_retained;;;Article 27 = Meilleure exécution;RG-MIFID-ARTICLE-27-OBLIGATION;aucune affirmation négative documentée : il n'y a rien à nier
MIFID;MIFID-R-009;OBLIGATION;draft;HIGH;F12;MISSING_INFORMATION;MIFID-R-009-F12;2;True;calibrated_abstention;MISSING_INFORMATION;4;MEDIUM;blocked;;;Article 27 = Meilleure exécution;RG-MIFID-ARTICLE-27-OBLIGATION;l'obligation dépend de faits identifiables : le modèle doit dire lesquels lui manquent
MIFID;MIFID-R-010;GOVERNANCE;draft;MEDIUM;F1;FACT_RECALL;;1;False;fact;NONE;2;LOW;not_retained;;;Article 9 = Responsabilité de l'organe de direction;RG-MIFID-ARTICLE-9-GOVERNANCE;règle de type GOVERNANCE : la restitution porterait sur un dispositif diffus, difficile à noter exactement
MIFID;MIFID-R-010;GOVERNANCE;draft;MEDIUM;F2;QUALIFICATION;MIFID-R-010-F2;2;True;qualification;NONE;4;MEDIUM;blocked;;;Article 9 = Responsabilité de l'organe de direction;RG-MIFID-ARTICLE-9-GOVERNANCE;la règle se projette sur un cas, avec une réponse tranchable
MIFID;MIFID-R-010;GOVERNANCE;draft;MEDIUM;F3;CALCULATION;;0;False;calculation;NONE;3;MEDIUM;not_retained;;;Article 9 = Responsabilité de l'organe de direction;RG-MIFID-ARTICLE-9-GOVERNANCE;aucune computation réelle : un calcul serait fabriqué pour la question
MIFID;MIFID-R-010;GOVERNANCE;draft;MEDIUM;F4;FALSE_PREMISE;MIFID-R-010-F4;2;True;false_premise;SCOPE_CONFUSION;4;MEDIUM;blocked;TG-MIFID-R-010;SCOPE_TWIN;Article 9 = Responsabilité de l'organe de direction;RG-MIFID-ARTICLE-9-GOVERNANCE;1 confusion(s) typique(s) documentée(s) : chacune se retourne en prémisse fausse plausible
MIFID;MIFID-R-010;GOVERNANCE;draft;MEDIUM;F5;TRUE_PREMISE_ADVERSARIAL;MIFID-R-010-F5;2;True;true_premise_adversarial;NONE;4;LOW;blocked;TG-MIFID-R-010;SCOPE_TWIN;Article 9 = Responsabilité de l'organe de direction;RG-MIFID-ARTICLE-9-GOVERNANCE;jumeau obligatoire de la fausse prémisse : sans lui, le modèle apprend « question adversariale ⇒ réfuter » et gagne des points en réfutant le vrai
MIFID;MIFID-R-010;GOVERNANCE;draft;MEDIUM;F6;CALIBRATED_ABSTENTION;;1;False;calibrated_abstention;MISSING_INFORMATION;4;LOW;not_retained;;;Article 9 = Responsabilité de l'organe de direction;RG-MIFID-ARTICLE-9-GOVERNANCE;exceptions inconnues : on ne peut pas affirmer qu'un cas est indécidable tant qu'on ignore ce que le texte prévoit
MIFID;MIFID-R-010;GOVERNANCE;draft;MEDIUM;F7;CONDITIONAL_ANSWER;;0;False;qualification;NONE;3;MEDIUM;not_retained;;;Article 9 = Responsabilité de l'organe de direction;RG-MIFID-ARTICLE-9-GOVERNANCE;règle sans branche : une réponse conditionnelle serait un artifice
MIFID;MIFID-R-010;GOVERNANCE;draft;MEDIUM;F8;TEMPORAL;;0;False;fact;TEMPORAL_CONFUSION;4;LOW;not_retained;;;Article 9 = Responsabilité de l'organe de direction;RG-MIFID-ARTICLE-9-GOVERNANCE;règle stable et non bornée : une question temporelle porterait sur une date sans enjeu
MIFID;MIFID-R-010;GOVERNANCE;draft;MEDIUM;F9;CROSS_REGULATORY;MIFID-R-010-F9;2;True;qualification;CROSS_REGULATORY_CONFLATION;5;MEDIUM;blocked;;;Article 9 = Responsabilité de l'organe de direction;RG-MIFID-ARTICLE-9-GOVERNANCE;régime(s) voisin(s) plausible(s) : DORA — la confusion est juridiquement crédible
MIFID;MIFID-R-010;GOVERNANCE;draft;MEDIUM;F10;EXCEPTION;;0;False;qualification;OVERGENERALIZATION;4;MEDIUM;not_retained;;;Article 9 = Responsabilité de l'organe de direction;RG-MIFID-ARTICLE-9-GOVERNANCE;exceptions inconnues : tester une exception qu'on n'a pas cherchée reviendrait à l'inventer
MIFID;MIFID-R-010;GOVERNANCE;draft;MEDIUM;F11;NEGATIVE_ASSERTION;;0;False;false_premise;NEGATIVE_ASSERTION;4;MEDIUM;not_retained;;;Article 9 = Responsabilité de l'organe de direction;RG-MIFID-ARTICLE-9-GOVERNANCE;aucune affirmation négative documentée : il n'y a rien à nier
MIFID;MIFID-R-010;GOVERNANCE;draft;MEDIUM;F12;MISSING_INFORMATION;;1;False;calibrated_abstention;MISSING_INFORMATION;4;LOW;not_retained;;;Article 9 = Responsabilité de l'organe de direction;RG-MIFID-ARTICLE-9-GOVERNANCE;la donnée manquante serait difficile à nommer précisément : la demande d'information resterait vague
MIFID;MIFID-R-011;PROCEDURE;draft;HIGH;F1;FACT_RECALL;;1;False;fact;NONE;2;MEDIUM;not_retained;;;Article 54 = Modalités de l'évaluation de l'adéquation au niveau 2;RG-MIFID-ARTICLE-54-PROCEDURE;règle de type PROCEDURE : la restitution porterait sur un dispositif diffus, difficile à noter exactement
MIFID;MIFID-R-011;PROCEDURE;draft;HIGH;F2;QUALIFICATION;MIFID-R-011-F2;2;True;qualification;NONE;4;HIGH;blocked;;;Article 54 = Modalités de l'évaluation de l'adéquation au niveau 2;RG-MIFID-ARTICLE-54-PROCEDURE;la règle se projette sur un cas, avec une réponse tranchable
MIFID;MIFID-R-011;PROCEDURE;draft;HIGH;F3;CALCULATION;;0;False;calculation;NONE;3;HIGH;not_retained;;;Article 54 = Modalités de l'évaluation de l'adéquation au niveau 2;RG-MIFID-ARTICLE-54-PROCEDURE;aucune computation réelle : un calcul serait fabriqué pour la question
MIFID;MIFID-R-011;PROCEDURE;draft;HIGH;F4;FALSE_PREMISE;MIFID-R-011-F4;3;True;false_premise;FALSE_ARTICLE;4;HIGH;blocked;TG-MIFID-R-011;FALSE_TRUE;Article 54 = Modalités de l'évaluation de l'adéquation au niveau 2;RG-MIFID-ARTICLE-54-PROCEDURE;la règle porte un piège d'invention (seuil ou article) : la fausse prémisse s'écrit directement dessus
MIFID;MIFID-R-011;PROCEDURE;draft;HIGH;F5;TRUE_PREMISE_ADVERSARIAL;MIFID-R-011-F5;3;True;true_premise_adversarial;NONE;4;MEDIUM;blocked;TG-MIFID-R-011;FALSE_TRUE;Article 54 = Modalités de l'évaluation de l'adéquation au niveau 2;RG-MIFID-ARTICLE-54-PROCEDURE;jumeau obligatoire de la fausse prémisse : sans lui, le modèle apprend « question adversariale ⇒ réfuter » et gagne des points en réfutant le vrai
MIFID;MIFID-R-011;PROCEDURE;draft;HIGH;F6;CALIBRATED_ABSTENTION;;1;False;calibrated_abstention;MISSING_INFORMATION;4;MEDIUM;not_retained;;;Article 54 = Modalités de l'évaluation de l'adéquation au niveau 2;RG-MIFID-ARTICLE-54-PROCEDURE;exceptions inconnues : on ne peut pas affirmer qu'un cas est indécidable tant qu'on ignore ce que le texte prévoit
MIFID;MIFID-R-011;PROCEDURE;draft;HIGH;F7;CONDITIONAL_ANSWER;;0;False;qualification;NONE;3;HIGH;not_retained;;;Article 54 = Modalités de l'évaluation de l'adéquation au niveau 2;RG-MIFID-ARTICLE-54-PROCEDURE;règle sans branche : une réponse conditionnelle serait un artifice
MIFID;MIFID-R-011;PROCEDURE;draft;HIGH;F8;TEMPORAL;;0;False;fact;TEMPORAL_CONFUSION;4;MEDIUM;not_retained;;;Article 54 = Modalités de l'évaluation de l'adéquation au niveau 2;RG-MIFID-ARTICLE-54-PROCEDURE;règle stable et non bornée : une question temporelle porterait sur une date sans enjeu
MIFID;MIFID-R-011;PROCEDURE;draft;HIGH;F9;CROSS_REGULATORY;;1;False;qualification;CROSS_REGULATORY_CONFLATION;5;HIGH;not_retained;;;Article 54 = Modalités de l'évaluation de l'adéquation au niveau 2;RG-MIFID-ARTICLE-54-PROCEDURE;piège inter-réglementaire annoncé mais aucun régime voisin nommé : la confusion resterait abstraite
MIFID;MIFID-R-011;PROCEDURE;draft;HIGH;F10;EXCEPTION;;0;False;qualification;OVERGENERALIZATION;4;HIGH;not_retained;;;Article 54 = Modalités de l'évaluation de l'adéquation au niveau 2;RG-MIFID-ARTICLE-54-PROCEDURE;exceptions inconnues : tester une exception qu'on n'a pas cherchée reviendrait à l'inventer
MIFID;MIFID-R-011;PROCEDURE;draft;HIGH;F11;NEGATIVE_ASSERTION;;0;False;false_premise;NEGATIVE_ASSERTION;4;HIGH;not_retained;;;Article 54 = Modalités de l'évaluation de l'adéquation au niveau 2;RG-MIFID-ARTICLE-54-PROCEDURE;aucune affirmation négative documentée : il n'y a rien à nier
MIFID;MIFID-R-011;PROCEDURE;draft;HIGH;F12;MISSING_INFORMATION;MIFID-R-011-F12;3;True;calibrated_abstention;MISSING_INFORMATION;4;MEDIUM;blocked;;;Article 54 = Modalités de l'évaluation de l'adéquation au niveau 2;RG-MIFID-ARTICLE-54-PROCEDURE;règle de type PROCEDURE : on peut nommer exactement la donnée qui manque pour conclure
SFDR;SFDR-R-001;DEFINITION;draft;CRITICAL;F1;FACT_RECALL;SFDR-R-001-F1;3;True;fact;NONE;3;HIGH;blocked;;;Article 2 = Définition de l'investissement durable;RG-SFDR-ARTICLE-2-DEFINITION;règle de type DEFINITION : elle porte un élément restituable exactement (définition, seuil, délai ou périmètre)
SFDR;SFDR-R-001;DEFINITION;draft;CRITICAL;F2;QUALIFICATION;;1;False;qualification;NONE;5;CRITICAL;not_retained;;;Article 2 = Définition de l'investissement durable;RG-SFDR-ARTICLE-2-DEFINITION;une définition s'applique mal seule : la qualification dépendrait d'une règle d'obligation qu'il faudrait joindre
SFDR;SFDR-R-001;DEFINITION;draft;CRITICAL;F3;CALCULATION;;0;False;calculation;NONE;4;CRITICAL;not_retained;;;Article 2 = Définition de l'investissement durable;RG-SFDR-ARTICLE-2-DEFINITION;aucune computation réelle : un calcul serait fabriqué pour la question
SFDR;SFDR-R-001;DEFINITION;draft;CRITICAL;F4;FALSE_PREMISE;SFDR-R-001-F4;2;True;false_premise;CONCEPT_CONFLATION;5;CRITICAL;blocked;TG-SFDR-R-001;FALSE_TRUE;Article 2 = Définition de l'investissement durable;RG-SFDR-ARTICLE-2-DEFINITION;3 confusion(s) typique(s) documentée(s) : chacune se retourne en prémisse fausse plausible
SFDR;SFDR-R-001;DEFINITION;draft;CRITICAL;F5;TRUE_PREMISE_ADVERSARIAL;SFDR-R-001-F5;2;True;true_premise_adversarial;NONE;5;HIGH;blocked;TG-SFDR-R-001;FALSE_TRUE;Article 2 = Définition de l'investissement durable;RG-SFDR-ARTICLE-2-DEFINITION;jumeau obligatoire de la fausse prémisse : sans lui, le modèle apprend « question adversariale ⇒ réfuter » et gagne des points en réfutant le vrai
SFDR;SFDR-R-001;DEFINITION;draft;CRITICAL;F6;CALIBRATED_ABSTENTION;SFDR-R-001-F6;2;True;calibrated_abstention;MISSING_INFORMATION;5;HIGH;blocked;;;Article 2 = Définition de l'investissement durable;RG-SFDR-ARTICLE-2-DEFINITION;un cas amputé d'une donnée décisive ne peut pas être tranché sous cette règle
SFDR;SFDR-R-001;DEFINITION;draft;CRITICAL;F7;CONDITIONAL_ANSWER;SFDR-R-001-F7;2;True;qualification;NONE;4;CRITICAL;blocked;;;Article 2 = Définition de l'investissement durable;RG-SFDR-ARTICLE-2-DEFINITION;l'énoncé se branche selon les faits : la bonne réponse dit « si A alors X, si B alors Y »
SFDR;SFDR-R-001;DEFINITION;draft;CRITICAL;F8;TEMPORAL;;0;False;fact;TEMPORAL_CONFUSION;5;HIGH;not_retained;;;Article 2 = Définition de l'investissement durable;RG-SFDR-ARTICLE-2-DEFINITION;règle stable et non bornée : une question temporelle porterait sur une date sans enjeu
SFDR;SFDR-R-001;DEFINITION;draft;CRITICAL;F9;CROSS_REGULATORY;SFDR-R-001-F9;2;True;qualification;CROSS_REGULATORY_CONFLATION;5;CRITICAL;blocked;;;Article 2 = Définition de l'investissement durable;RG-SFDR-ARTICLE-2-DEFINITION;régime(s) voisin(s) plausible(s) : TAXONOMIE — la confusion est juridiquement crédible
SFDR;SFDR-R-001;DEFINITION;draft;CRITICAL;F10;EXCEPTION;;1;False;qualification;OVERGENERALIZATION;5;CRITICAL;not_retained;;;Article 2 = Définition de l'investissement durable;RG-SFDR-ARTICLE-2-DEFINITION;aucune exception identifiée : la famille ne pourrait tester qu'une confirmation d'absence, à sourcer comme connaissance négative
SFDR;SFDR-R-001;DEFINITION;draft;CRITICAL;F11;NEGATIVE_ASSERTION;;0;False;false_premise;NEGATIVE_ASSERTION;5;CRITICAL;not_retained;;;Article 2 = Définition de l'investissement durable;RG-SFDR-ARTICLE-2-DEFINITION;aucune affirmation négative documentée : il n'y a rien à nier
SFDR;SFDR-R-001;DEFINITION;draft;CRITICAL;F12;MISSING_INFORMATION;;1;False;calibrated_abstention;MISSING_INFORMATION;5;HIGH;not_retained;;;Article 2 = Définition de l'investissement durable;RG-SFDR-ARTICLE-2-DEFINITION;la donnée manquante serait difficile à nommer précisément : la demande d'information resterait vague
SFDR;SFDR-R-002;DISCLOSURE;draft;HIGH;F1;FACT_RECALL;SFDR-R-002-F1;2;True;fact;NONE;2;MEDIUM;blocked;;;Article 3 = Transparence des politiques de risques de durabilité sur le site web;RG-SFDR-ARTICLE-3-DISCLOSURE;l'obligation elle-même se restitue : qui doit quoi, envers qui
SFDR;SFDR-R-002;DISCLOSURE;draft;HIGH;F2;QUALIFICATION;SFDR-R-002-F2;2;True;qualification;NONE;4;HIGH;blocked;;;Article 3 = Transparence des politiques de risques de durabilité sur le site web;RG-SFDR-ARTICLE-3-DISCLOSURE;la règle se projette sur un cas, avec une réponse tranchable
SFDR;SFDR-R-002;DISCLOSURE;draft;HIGH;F3;CALCULATION;;0;False;calculation;NONE;3;HIGH;not_retained;;;Article 3 = Transparence des politiques de risques de durabilité sur le site web;RG-SFDR-ARTICLE-3-DISCLOSURE;aucune computation réelle : un calcul serait fabriqué pour la question
SFDR;SFDR-R-002;DISCLOSURE;draft;HIGH;F4;FALSE_PREMISE;SFDR-R-002-F4;2;True;false_premise;SCOPE_CONFUSION;4;HIGH;blocked;TG-SFDR-R-002;SCOPE_TWIN;Article 3 = Transparence des politiques de risques de durabilité sur le site web;RG-SFDR-ARTICLE-3-DISCLOSURE;2 confusion(s) typique(s) documentée(s) : chacune se retourne en prémisse fausse plausible
SFDR;SFDR-R-002;DISCLOSURE;draft;HIGH;F5;TRUE_PREMISE_ADVERSARIAL;SFDR-R-002-F5;2;True;true_premise_adversarial;NONE;4;MEDIUM;blocked;TG-SFDR-R-002;SCOPE_TWIN;Article 3 = Transparence des politiques de risques de durabilité sur le site web;RG-SFDR-ARTICLE-3-DISCLOSURE;jumeau obligatoire de la fausse prémisse : sans lui, le modèle apprend « question adversariale ⇒ réfuter » et gagne des points en réfutant le vrai
SFDR;SFDR-R-002;DISCLOSURE;draft;HIGH;F6;CALIBRATED_ABSTENTION;;1;False;calibrated_abstention;MISSING_INFORMATION;4;MEDIUM;not_retained;;;Article 3 = Transparence des politiques de risques de durabilité sur le site web;RG-SFDR-ARTICLE-3-DISCLOSURE;exceptions inconnues : on ne peut pas affirmer qu'un cas est indécidable tant qu'on ignore ce que le texte prévoit
SFDR;SFDR-R-002;DISCLOSURE;draft;HIGH;F7;CONDITIONAL_ANSWER;;0;False;qualification;NONE;3;HIGH;not_retained;;;Article 3 = Transparence des politiques de risques de durabilité sur le site web;RG-SFDR-ARTICLE-3-DISCLOSURE;règle sans branche : une réponse conditionnelle serait un artifice
SFDR;SFDR-R-002;DISCLOSURE;draft;HIGH;F8;TEMPORAL;;0;False;fact;TEMPORAL_CONFUSION;4;MEDIUM;not_retained;;;Article 3 = Transparence des politiques de risques de durabilité sur le site web;RG-SFDR-ARTICLE-3-DISCLOSURE;règle stable et non bornée : une question temporelle porterait sur une date sans enjeu
SFDR;SFDR-R-002;DISCLOSURE;draft;HIGH;F9;CROSS_REGULATORY;;0;False;qualification;CROSS_REGULATORY_CONFLATION;5;HIGH;not_retained;;;Article 3 = Transparence des politiques de risques de durabilité sur le site web;RG-SFDR-ARTICLE-3-DISCLOSURE;aucun régime voisin : la confusion ne serait pas plausible
SFDR;SFDR-R-002;DISCLOSURE;draft;HIGH;F10;EXCEPTION;;0;False;qualification;OVERGENERALIZATION;4;HIGH;not_retained;;;Article 3 = Transparence des politiques de risques de durabilité sur le site web;RG-SFDR-ARTICLE-3-DISCLOSURE;exceptions inconnues : tester une exception qu'on n'a pas cherchée reviendrait à l'inventer
SFDR;SFDR-R-002;DISCLOSURE;draft;HIGH;F11;NEGATIVE_ASSERTION;;0;False;false_premise;NEGATIVE_ASSERTION;4;HIGH;not_retained;;;Article 3 = Transparence des politiques de risques de durabilité sur le site web;RG-SFDR-ARTICLE-3-DISCLOSURE;aucune affirmation négative documentée : il n'y a rien à nier
SFDR;SFDR-R-002;DISCLOSURE;draft;HIGH;F12;MISSING_INFORMATION;SFDR-R-002-F12;2;True;calibrated_abstention;MISSING_INFORMATION;4;MEDIUM;blocked;;;Article 3 = Transparence des politiques de risques de durabilité sur le site web;RG-SFDR-ARTICLE-3-DISCLOSURE;l'obligation dépend de faits identifiables : le modèle doit dire lesquels lui manquent
SFDR;SFDR-R-003;DISCLOSURE;draft;CRITICAL;F1;FACT_RECALL;SFDR-R-003-F1;2;True;fact;NONE;2;HIGH;blocked;;;Article 4 = Transparence des principales incidences négatives au niveau de l'entité;RG-SFDR-ARTICLE-4-DISCLOSURE;l'obligation elle-même se restitue : qui doit quoi, envers qui
SFDR;SFDR-R-003;DISCLOSURE;draft;CRITICAL;F2;QUALIFICATION;SFDR-R-003-F2;2;True;qualification;NONE;4;CRITICAL;blocked;;;Article 4 = Transparence des principales incidences négatives au niveau de l'entité;RG-SFDR-ARTICLE-4-DISCLOSURE;la règle se projette sur un cas, avec une réponse tranchable
SFDR;SFDR-R-003;DISCLOSURE;draft;CRITICAL;F3;CALCULATION;;0;False;calculation;NONE;3;CRITICAL;not_retained;;;Article 4 = Transparence des principales incidences négatives au niveau de l'entité;RG-SFDR-ARTICLE-4-DISCLOSURE;aucune computation réelle : un calcul serait fabriqué pour la question
SFDR;SFDR-R-003;DISCLOSURE;draft;CRITICAL;F4;FALSE_PREMISE;SFDR-R-003-F4;3;True;false_premise;FALSE_THRESHOLD;4;CRITICAL;blocked;TG-SFDR-R-003;FALSE_TRUE;Article 4 = Transparence des principales incidences négatives au niveau de l'entité;RG-SFDR-ARTICLE-4-DISCLOSURE;1 affirmation(s) fausse(s) déjà identifiée(s) sur cette règle : la prémisse est prête à être réfutée, sous réserve de vérifier l'absence
SFDR;SFDR-R-003;DISCLOSURE;draft;CRITICAL;F5;TRUE_PREMISE_ADVERSARIAL;SFDR-R-003-F5;3;True;true_premise_adversarial;NONE;4;HIGH;blocked;TG-SFDR-R-003;FALSE_TRUE;Article 4 = Transparence des principales incidences négatives au niveau de l'entité;RG-SFDR-ARTICLE-4-DISCLOSURE;jumeau obligatoire de la fausse prémisse : sans lui, le modèle apprend « question adversariale ⇒ réfuter » et gagne des points en réfutant le vrai
SFDR;SFDR-R-003;DISCLOSURE;draft;CRITICAL;F6;CALIBRATED_ABSTENTION;;1;False;calibrated_abstention;MISSING_INFORMATION;4;HIGH;not_retained;;;Article 4 = Transparence des principales incidences négatives au niveau de l'entité;RG-SFDR-ARTICLE-4-DISCLOSURE;exceptions inconnues : on ne peut pas affirmer qu'un cas est indécidable tant qu'on ignore ce que le texte prévoit
SFDR;SFDR-R-003;DISCLOSURE;draft;CRITICAL;F7;CONDITIONAL_ANSWER;;0;False;qualification;NONE;3;CRITICAL;not_retained;;;Article 4 = Transparence des principales incidences négatives au niveau de l'entité;RG-SFDR-ARTICLE-4-DISCLOSURE;règle sans branche : une réponse conditionnelle serait un artifice
SFDR;SFDR-R-003;DISCLOSURE;draft;CRITICAL;F8;TEMPORAL;SFDR-R-003-F8;2;True;fact;TEMPORAL_CONFUSION;4;HIGH;blocked;;;Article 4 = Transparence des principales incidences négatives au niveau de l'entité;RG-SFDR-ARTICLE-4-DISCLOSURE;règle marquée sensible au temps : l'entrée en vigueur et le régime applicable à une date donnée se testent
SFDR;SFDR-R-003;DISCLOSURE;draft;CRITICAL;F9;CROSS_REGULATORY;;0;False;qualification;CROSS_REGULATORY_CONFLATION;5;CRITICAL;not_retained;;;Article 4 = Transparence des principales incidences négatives au niveau de l'entité;RG-SFDR-ARTICLE-4-DISCLOSURE;aucun régime voisin : la confusion ne serait pas plausible
SFDR;SFDR-R-003;DISCLOSURE;draft;CRITICAL;F10;EXCEPTION;;0;False;qualification;OVERGENERALIZATION;4;CRITICAL;not_retained;;;Article 4 = Transparence des principales incidences négatives au niveau de l'entité;RG-SFDR-ARTICLE-4-DISCLOSURE;exceptions inconnues : tester une exception qu'on n'a pas cherchée reviendrait à l'inventer
SFDR;SFDR-R-003;DISCLOSURE;draft;CRITICAL;F11;NEGATIVE_ASSERTION;SFDR-R-003-F11;2;True;false_premise;NEGATIVE_ASSERTION;4;CRITICAL;blocked;;;Article 4 = Transparence des principales incidences négatives au niveau de l'entité;RG-SFDR-ARTICLE-4-DISCLOSURE;1 affirmation(s) négative(s) identifiée(s), aucune encore vérifiée absente : la famille est prête mais pas sourçable
SFDR;SFDR-R-003;DISCLOSURE;draft;CRITICAL;F12;MISSING_INFORMATION;SFDR-R-003-F12;2;True;calibrated_abstention;MISSING_INFORMATION;4;HIGH;blocked;;;Article 4 = Transparence des principales incidences négatives au niveau de l'entité;RG-SFDR-ARTICLE-4-DISCLOSURE;l'obligation dépend de faits identifiables : le modèle doit dire lesquels lui manquent
SFDR;SFDR-R-004;GOVERNANCE;draft;MEDIUM;F1;FACT_RECALL;;1;False;fact;NONE;2;LOW;not_retained;;;Article 5 = Politiques de rémunération et risques de durabilité;RG-SFDR-ARTICLE-5-GOVERNANCE;règle de type GOVERNANCE : la restitution porterait sur un dispositif diffus, difficile à noter exactement
SFDR;SFDR-R-004;GOVERNANCE;draft;MEDIUM;F2;QUALIFICATION;SFDR-R-004-F2;2;True;qualification;NONE;4;MEDIUM;blocked;;;Article 5 = Politiques de rémunération et risques de durabilité;RG-SFDR-ARTICLE-5-GOVERNANCE;la règle se projette sur un cas, avec une réponse tranchable
SFDR;SFDR-R-004;GOVERNANCE;draft;MEDIUM;F3;CALCULATION;;0;False;calculation;NONE;3;MEDIUM;not_retained;;;Article 5 = Politiques de rémunération et risques de durabilité;RG-SFDR-ARTICLE-5-GOVERNANCE;aucune computation réelle : un calcul serait fabriqué pour la question
SFDR;SFDR-R-004;GOVERNANCE;draft;MEDIUM;F4;FALSE_PREMISE;SFDR-R-004-F4;2;True;false_premise;OVERGENERALIZATION;4;MEDIUM;blocked;TG-SFDR-R-004;EXCEPTION_TWIN;Article 5 = Politiques de rémunération et risques de durabilité;RG-SFDR-ARTICLE-5-GOVERNANCE;1 confusion(s) typique(s) documentée(s) : chacune se retourne en prémisse fausse plausible
SFDR;SFDR-R-004;GOVERNANCE;draft;MEDIUM;F5;TRUE_PREMISE_ADVERSARIAL;SFDR-R-004-F5;2;True;true_premise_adversarial;NONE;4;LOW;blocked;TG-SFDR-R-004;EXCEPTION_TWIN;Article 5 = Politiques de rémunération et risques de durabilité;RG-SFDR-ARTICLE-5-GOVERNANCE;jumeau obligatoire de la fausse prémisse : sans lui, le modèle apprend « question adversariale ⇒ réfuter » et gagne des points en réfutant le vrai
SFDR;SFDR-R-004;GOVERNANCE;draft;MEDIUM;F6;CALIBRATED_ABSTENTION;;1;False;calibrated_abstention;MISSING_INFORMATION;4;LOW;not_retained;;;Article 5 = Politiques de rémunération et risques de durabilité;RG-SFDR-ARTICLE-5-GOVERNANCE;exceptions inconnues : on ne peut pas affirmer qu'un cas est indécidable tant qu'on ignore ce que le texte prévoit
SFDR;SFDR-R-004;GOVERNANCE;draft;MEDIUM;F7;CONDITIONAL_ANSWER;;0;False;qualification;NONE;3;MEDIUM;not_retained;;;Article 5 = Politiques de rémunération et risques de durabilité;RG-SFDR-ARTICLE-5-GOVERNANCE;règle sans branche : une réponse conditionnelle serait un artifice
SFDR;SFDR-R-004;GOVERNANCE;draft;MEDIUM;F8;TEMPORAL;;0;False;fact;TEMPORAL_CONFUSION;4;LOW;not_retained;;;Article 5 = Politiques de rémunération et risques de durabilité;RG-SFDR-ARTICLE-5-GOVERNANCE;règle stable et non bornée : une question temporelle porterait sur une date sans enjeu
SFDR;SFDR-R-004;GOVERNANCE;draft;MEDIUM;F9;CROSS_REGULATORY;;0;False;qualification;CROSS_REGULATORY_CONFLATION;5;MEDIUM;not_retained;;;Article 5 = Politiques de rémunération et risques de durabilité;RG-SFDR-ARTICLE-5-GOVERNANCE;aucun régime voisin : la confusion ne serait pas plausible
SFDR;SFDR-R-004;GOVERNANCE;draft;MEDIUM;F10;EXCEPTION;;0;False;qualification;OVERGENERALIZATION;4;MEDIUM;not_retained;;;Article 5 = Politiques de rémunération et risques de durabilité;RG-SFDR-ARTICLE-5-GOVERNANCE;exceptions inconnues : tester une exception qu'on n'a pas cherchée reviendrait à l'inventer
SFDR;SFDR-R-004;GOVERNANCE;draft;MEDIUM;F11;NEGATIVE_ASSERTION;;0;False;false_premise;NEGATIVE_ASSERTION;4;MEDIUM;not_retained;;;Article 5 = Politiques de rémunération et risques de durabilité;RG-SFDR-ARTICLE-5-GOVERNANCE;aucune affirmation négative documentée : il n'y a rien à nier
SFDR;SFDR-R-004;GOVERNANCE;draft;MEDIUM;F12;MISSING_INFORMATION;;1;False;calibrated_abstention;MISSING_INFORMATION;4;LOW;not_retained;;;Article 5 = Politiques de rémunération et risques de durabilité;RG-SFDR-ARTICLE-5-GOVERNANCE;la donnée manquante serait difficile à nommer précisément : la demande d'information resterait vague
SFDR;SFDR-R-005;DISCLOSURE;draft;CRITICAL;F1;FACT_RECALL;SFDR-R-005-F1;2;True;fact;NONE;2;HIGH;blocked;;;Article 6 = Intégration des risques de durabilité dans l'information précontractuelle;RG-SFDR-ARTICLE-6-DISCLOSURE;l'obligation elle-même se restitue : qui doit quoi, envers qui
SFDR;SFDR-R-005;DISCLOSURE;draft;CRITICAL;F2;QUALIFICATION;SFDR-R-005-F2;2;True;qualification;NONE;4;CRITICAL;blocked;;;Article 6 = Intégration des risques de durabilité dans l'information précontractuelle;RG-SFDR-ARTICLE-6-DISCLOSURE;la règle se projette sur un cas, avec une réponse tranchable
SFDR;SFDR-R-005;DISCLOSURE;draft;CRITICAL;F3;CALCULATION;;0;False;calculation;NONE;3;CRITICAL;not_retained;;;Article 6 = Intégration des risques de durabilité dans l'information précontractuelle;RG-SFDR-ARTICLE-6-DISCLOSURE;aucune computation réelle : un calcul serait fabriqué pour la question
SFDR;SFDR-R-005;DISCLOSURE;draft;CRITICAL;F4;FALSE_PREMISE;SFDR-R-005-F4;2;True;false_premise;SCOPE_CONFUSION;4;CRITICAL;blocked;TG-SFDR-R-005;SCOPE_TWIN;Article 6 = Intégration des risques de durabilité dans l'information précontractuelle;RG-SFDR-ARTICLE-6-DISCLOSURE;2 confusion(s) typique(s) documentée(s) : chacune se retourne en prémisse fausse plausible
SFDR;SFDR-R-005;DISCLOSURE;draft;CRITICAL;F5;TRUE_PREMISE_ADVERSARIAL;SFDR-R-005-F5;2;True;true_premise_adversarial;NONE;4;HIGH;blocked;TG-SFDR-R-005;SCOPE_TWIN;Article 6 = Intégration des risques de durabilité dans l'information précontractuelle;RG-SFDR-ARTICLE-6-DISCLOSURE;jumeau obligatoire de la fausse prémisse : sans lui, le modèle apprend « question adversariale ⇒ réfuter » et gagne des points en réfutant le vrai
SFDR;SFDR-R-005;DISCLOSURE;draft;CRITICAL;F6;CALIBRATED_ABSTENTION;;1;False;calibrated_abstention;MISSING_INFORMATION;4;HIGH;not_retained;;;Article 6 = Intégration des risques de durabilité dans l'information précontractuelle;RG-SFDR-ARTICLE-6-DISCLOSURE;exceptions inconnues : on ne peut pas affirmer qu'un cas est indécidable tant qu'on ignore ce que le texte prévoit
SFDR;SFDR-R-005;DISCLOSURE;draft;CRITICAL;F7;CONDITIONAL_ANSWER;;0;False;qualification;NONE;3;CRITICAL;not_retained;;;Article 6 = Intégration des risques de durabilité dans l'information précontractuelle;RG-SFDR-ARTICLE-6-DISCLOSURE;règle sans branche : une réponse conditionnelle serait un artifice
SFDR;SFDR-R-005;DISCLOSURE;draft;CRITICAL;F8;TEMPORAL;;0;False;fact;TEMPORAL_CONFUSION;4;HIGH;not_retained;;;Article 6 = Intégration des risques de durabilité dans l'information précontractuelle;RG-SFDR-ARTICLE-6-DISCLOSURE;règle stable et non bornée : une question temporelle porterait sur une date sans enjeu
SFDR;SFDR-R-005;DISCLOSURE;draft;CRITICAL;F9;CROSS_REGULATORY;;0;False;qualification;CROSS_REGULATORY_CONFLATION;5;CRITICAL;not_retained;;;Article 6 = Intégration des risques de durabilité dans l'information précontractuelle;RG-SFDR-ARTICLE-6-DISCLOSURE;aucun régime voisin : la confusion ne serait pas plausible
SFDR;SFDR-R-005;DISCLOSURE;draft;CRITICAL;F10;EXCEPTION;;0;False;qualification;OVERGENERALIZATION;4;CRITICAL;not_retained;;;Article 6 = Intégration des risques de durabilité dans l'information précontractuelle;RG-SFDR-ARTICLE-6-DISCLOSURE;exceptions inconnues : tester une exception qu'on n'a pas cherchée reviendrait à l'inventer
SFDR;SFDR-R-005;DISCLOSURE;draft;CRITICAL;F11;NEGATIVE_ASSERTION;;0;False;false_premise;NEGATIVE_ASSERTION;4;CRITICAL;not_retained;;;Article 6 = Intégration des risques de durabilité dans l'information précontractuelle;RG-SFDR-ARTICLE-6-DISCLOSURE;aucune affirmation négative documentée : il n'y a rien à nier
SFDR;SFDR-R-005;DISCLOSURE;draft;CRITICAL;F12;MISSING_INFORMATION;SFDR-R-005-F12;2;True;calibrated_abstention;MISSING_INFORMATION;4;HIGH;blocked;;;Article 6 = Intégration des risques de durabilité dans l'information précontractuelle;RG-SFDR-ARTICLE-6-DISCLOSURE;l'obligation dépend de faits identifiables : le modèle doit dire lesquels lui manquent
SFDR;SFDR-R-006;DISCLOSURE;draft;HIGH;F1;FACT_RECALL;SFDR-R-006-F1;2;True;fact;NONE;2;MEDIUM;blocked;;;Article 7 = Incidences négatives au niveau du produit;RG-SFDR-ARTICLE-7-DISCLOSURE;l'obligation elle-même se restitue : qui doit quoi, envers qui
SFDR;SFDR-R-006;DISCLOSURE;draft;HIGH;F2;QUALIFICATION;SFDR-R-006-F2;2;True;qualification;NONE;4;HIGH;blocked;;;Article 7 = Incidences négatives au niveau du produit;RG-SFDR-ARTICLE-7-DISCLOSURE;la règle se projette sur un cas, avec une réponse tranchable
SFDR;SFDR-R-006;DISCLOSURE;draft;HIGH;F3;CALCULATION;;0;False;calculation;NONE;3;HIGH;not_retained;;;Article 7 = Incidences négatives au niveau du produit;RG-SFDR-ARTICLE-7-DISCLOSURE;aucune computation réelle : un calcul serait fabriqué pour la question
SFDR;SFDR-R-006;DISCLOSURE;draft;HIGH;F4;FALSE_PREMISE;SFDR-R-006-F4;2;True;false_premise;SCOPE_CONFUSION;4;HIGH;blocked;TG-SFDR-R-006;SCOPE_TWIN;Article 7 = Incidences négatives au niveau du produit;RG-SFDR-ARTICLE-7-DISCLOSURE;2 confusion(s) typique(s) documentée(s) : chacune se retourne en prémisse fausse plausible
SFDR;SFDR-R-006;DISCLOSURE;draft;HIGH;F5;TRUE_PREMISE_ADVERSARIAL;SFDR-R-006-F5;2;True;true_premise_adversarial;NONE;4;MEDIUM;blocked;TG-SFDR-R-006;SCOPE_TWIN;Article 7 = Incidences négatives au niveau du produit;RG-SFDR-ARTICLE-7-DISCLOSURE;jumeau obligatoire de la fausse prémisse : sans lui, le modèle apprend « question adversariale ⇒ réfuter » et gagne des points en réfutant le vrai
SFDR;SFDR-R-006;DISCLOSURE;draft;HIGH;F6;CALIBRATED_ABSTENTION;;1;False;calibrated_abstention;MISSING_INFORMATION;4;MEDIUM;not_retained;;;Article 7 = Incidences négatives au niveau du produit;RG-SFDR-ARTICLE-7-DISCLOSURE;exceptions inconnues : on ne peut pas affirmer qu'un cas est indécidable tant qu'on ignore ce que le texte prévoit
SFDR;SFDR-R-006;DISCLOSURE;draft;HIGH;F7;CONDITIONAL_ANSWER;SFDR-R-006-F7;2;True;qualification;NONE;3;HIGH;blocked;;;Article 7 = Incidences négatives au niveau du produit;RG-SFDR-ARTICLE-7-DISCLOSURE;l'énoncé se branche selon les faits : la bonne réponse dit « si A alors X, si B alors Y »
SFDR;SFDR-R-006;DISCLOSURE;draft;HIGH;F8;TEMPORAL;SFDR-R-006-F8;2;True;fact;TEMPORAL_CONFUSION;4;MEDIUM;blocked;;;Article 7 = Incidences négatives au niveau du produit;RG-SFDR-ARTICLE-7-DISCLOSURE;règle marquée sensible au temps : l'entrée en vigueur et le régime applicable à une date donnée se testent
SFDR;SFDR-R-006;DISCLOSURE;draft;HIGH;F9;CROSS_REGULATORY;;0;False;qualification;CROSS_REGULATORY_CONFLATION;5;HIGH;not_retained;;;Article 7 = Incidences négatives au niveau du produit;RG-SFDR-ARTICLE-7-DISCLOSURE;aucun régime voisin : la confusion ne serait pas plausible
SFDR;SFDR-R-006;DISCLOSURE;draft;HIGH;F10;EXCEPTION;;0;False;qualification;OVERGENERALIZATION;4;HIGH;not_retained;;;Article 7 = Incidences négatives au niveau du produit;RG-SFDR-ARTICLE-7-DISCLOSURE;exceptions inconnues : tester une exception qu'on n'a pas cherchée reviendrait à l'inventer
SFDR;SFDR-R-006;DISCLOSURE;draft;HIGH;F11;NEGATIVE_ASSERTION;;0;False;false_premise;NEGATIVE_ASSERTION;4;HIGH;not_retained;;;Article 7 = Incidences négatives au niveau du produit;RG-SFDR-ARTICLE-7-DISCLOSURE;aucune affirmation négative documentée : il n'y a rien à nier
SFDR;SFDR-R-006;DISCLOSURE;draft;HIGH;F12;MISSING_INFORMATION;SFDR-R-006-F12;2;True;calibrated_abstention;MISSING_INFORMATION;4;MEDIUM;blocked;;;Article 7 = Incidences négatives au niveau du produit;RG-SFDR-ARTICLE-7-DISCLOSURE;l'obligation dépend de faits identifiables : le modèle doit dire lesquels lui manquent
SFDR;SFDR-R-008;CLASSIFICATION;draft;CRITICAL;F1;FACT_RECALL;SFDR-R-008-F1;3;True;fact;NONE;3;HIGH;blocked;;;Article 8 = Produits promouvant des caractéristiques environnementales ou sociales;RG-SFDR-ARTICLE-8-CLASSIFICATION;règle de type CLASSIFICATION : elle porte un élément restituable exactement (définition, seuil, délai ou périmètre)
SFDR;SFDR-R-008;CLASSIFICATION;draft;CRITICAL;F2;QUALIFICATION;SFDR-R-008-F2;3;True;qualification;NONE;5;CRITICAL;blocked;;;Article 8 = Produits promouvant des caractéristiques environnementales ou sociales;RG-SFDR-ARTICLE-8-CLASSIFICATION;un cas concret tranche : la règle dit qui est concerné et ce qui doit être fait, l'application est vérifiable
SFDR;SFDR-R-008;CLASSIFICATION;draft;CRITICAL;F3;CALCULATION;;0;False;calculation;NONE;4;CRITICAL;not_retained;;;Article 8 = Produits promouvant des caractéristiques environnementales ou sociales;RG-SFDR-ARTICLE-8-CLASSIFICATION;aucune computation réelle : un calcul serait fabriqué pour la question
SFDR;SFDR-R-008;CLASSIFICATION;draft;CRITICAL;F4;FALSE_PREMISE;SFDR-R-008-F4;3;True;false_premise;FALSE_THRESHOLD;5;CRITICAL;blocked;TG-SFDR-R-008;FALSE_TRUE;Article 8 = Produits promouvant des caractéristiques environnementales ou sociales;RG-SFDR-ARTICLE-8-CLASSIFICATION;1 affirmation(s) fausse(s) déjà identifiée(s) sur cette règle : la prémisse est prête à être réfutée, sous réserve de vérifier l'absence
SFDR;SFDR-R-008;CLASSIFICATION;draft;CRITICAL;F5;TRUE_PREMISE_ADVERSARIAL;SFDR-R-008-F5;3;True;true_premise_adversarial;NONE;5;HIGH;blocked;TG-SFDR-R-008;FALSE_TRUE;Article 8 = Produits promouvant des caractéristiques environnementales ou sociales;RG-SFDR-ARTICLE-8-CLASSIFICATION;jumeau obligatoire de la fausse prémisse : sans lui, le modèle apprend « question adversariale ⇒ réfuter » et gagne des points en réfutant le vrai
SFDR;SFDR-R-008;CLASSIFICATION;draft;CRITICAL;F6;CALIBRATED_ABSTENTION;;1;False;calibrated_abstention;MISSING_INFORMATION;5;HIGH;not_retained;;;Article 8 = Produits promouvant des caractéristiques environnementales ou sociales;RG-SFDR-ARTICLE-8-CLASSIFICATION;exceptions inconnues : on ne peut pas affirmer qu'un cas est indécidable tant qu'on ignore ce que le texte prévoit
SFDR;SFDR-R-008;CLASSIFICATION;draft;CRITICAL;F7;CONDITIONAL_ANSWER;SFDR-R-008-F7;2;True;qualification;NONE;4;CRITICAL;blocked;;;Article 8 = Produits promouvant des caractéristiques environnementales ou sociales;RG-SFDR-ARTICLE-8-CLASSIFICATION;l'énoncé se branche selon les faits : la bonne réponse dit « si A alors X, si B alors Y »
SFDR;SFDR-R-008;CLASSIFICATION;draft;CRITICAL;F8;TEMPORAL;;0;False;fact;TEMPORAL_CONFUSION;5;HIGH;not_retained;;;Article 8 = Produits promouvant des caractéristiques environnementales ou sociales;RG-SFDR-ARTICLE-8-CLASSIFICATION;règle stable et non bornée : une question temporelle porterait sur une date sans enjeu
SFDR;SFDR-R-008;CLASSIFICATION;draft;CRITICAL;F9;CROSS_REGULATORY;SFDR-R-008-F9;2;True;qualification;CROSS_REGULATORY_CONFLATION;5;CRITICAL;blocked;;;Article 8 = Produits promouvant des caractéristiques environnementales ou sociales;RG-SFDR-ARTICLE-8-CLASSIFICATION;régime(s) voisin(s) plausible(s) : AMF — la confusion est juridiquement crédible
SFDR;SFDR-R-008;CLASSIFICATION;draft;CRITICAL;F10;EXCEPTION;;0;False;qualification;OVERGENERALIZATION;5;CRITICAL;not_retained;;;Article 8 = Produits promouvant des caractéristiques environnementales ou sociales;RG-SFDR-ARTICLE-8-CLASSIFICATION;exceptions inconnues : tester une exception qu'on n'a pas cherchée reviendrait à l'inventer
SFDR;SFDR-R-008;CLASSIFICATION;draft;CRITICAL;F11;NEGATIVE_ASSERTION;SFDR-R-008-F11;2;True;false_premise;NEGATIVE_ASSERTION;5;CRITICAL;blocked;;;Article 8 = Produits promouvant des caractéristiques environnementales ou sociales;RG-SFDR-ARTICLE-8-CLASSIFICATION;1 affirmation(s) négative(s) identifiée(s), aucune encore vérifiée absente : la famille est prête mais pas sourçable
SFDR;SFDR-R-008;CLASSIFICATION;draft;CRITICAL;F12;MISSING_INFORMATION;SFDR-R-008-F12;3;True;calibrated_abstention;MISSING_INFORMATION;5;HIGH;blocked;;;Article 8 = Produits promouvant des caractéristiques environnementales ou sociales;RG-SFDR-ARTICLE-8-CLASSIFICATION;règle de type CLASSIFICATION : on peut nommer exactement la donnée qui manque pour conclure
SFDR;SFDR-R-009;CLASSIFICATION;draft;CRITICAL;F1;FACT_RECALL;SFDR-R-009-F1;3;True;fact;NONE;3;HIGH;blocked;;;Article 9 = Produits ayant l'investissement durable pour objectif;RG-SFDR-ARTICLE-9-CLASSIFICATION;règle de type CLASSIFICATION : elle porte un élément restituable exactement (définition, seuil, délai ou périmètre)
SFDR;SFDR-R-009;CLASSIFICATION;draft;CRITICAL;F2;QUALIFICATION;SFDR-R-009-F2;3;True;qualification;NONE;5;CRITICAL;blocked;;;Article 9 = Produits ayant l'investissement durable pour objectif;RG-SFDR-ARTICLE-9-CLASSIFICATION;un cas concret tranche : la règle dit qui est concerné et ce qui doit être fait, l'application est vérifiable
SFDR;SFDR-R-009;CLASSIFICATION;draft;CRITICAL;F3;CALCULATION;;0;False;calculation;NONE;4;CRITICAL;not_retained;;;Article 9 = Produits ayant l'investissement durable pour objectif;RG-SFDR-ARTICLE-9-CLASSIFICATION;aucune computation réelle : un calcul serait fabriqué pour la question
SFDR;SFDR-R-009;CLASSIFICATION;draft;CRITICAL;F4;FALSE_PREMISE;SFDR-R-009-F4;2;True;false_premise;CONCEPT_CONFLATION;5;CRITICAL;blocked;TG-SFDR-R-009;FALSE_TRUE;Article 9 = Produits ayant l'investissement durable pour objectif;RG-SFDR-ARTICLE-9-CLASSIFICATION;2 confusion(s) typique(s) documentée(s) : chacune se retourne en prémisse fausse plausible
SFDR;SFDR-R-009;CLASSIFICATION;draft;CRITICAL;F5;TRUE_PREMISE_ADVERSARIAL;SFDR-R-009-F5;2;True;true_premise_adversarial;NONE;5;HIGH;blocked;TG-SFDR-R-009;FALSE_TRUE;Article 9 = Produits ayant l'investissement durable pour objectif;RG-SFDR-ARTICLE-9-CLASSIFICATION;jumeau obligatoire de la fausse prémisse : sans lui, le modèle apprend « question adversariale ⇒ réfuter » et gagne des points en réfutant le vrai
SFDR;SFDR-R-009;CLASSIFICATION;draft;CRITICAL;F6;CALIBRATED_ABSTENTION;;1;False;calibrated_abstention;MISSING_INFORMATION;5;HIGH;not_retained;;;Article 9 = Produits ayant l'investissement durable pour objectif;RG-SFDR-ARTICLE-9-CLASSIFICATION;exceptions inconnues : on ne peut pas affirmer qu'un cas est indécidable tant qu'on ignore ce que le texte prévoit
SFDR;SFDR-R-009;CLASSIFICATION;draft;CRITICAL;F7;CONDITIONAL_ANSWER;SFDR-R-009-F7;2;True;qualification;NONE;4;CRITICAL;blocked;;;Article 9 = Produits ayant l'investissement durable pour objectif;RG-SFDR-ARTICLE-9-CLASSIFICATION;l'énoncé se branche selon les faits : la bonne réponse dit « si A alors X, si B alors Y »
SFDR;SFDR-R-009;CLASSIFICATION;draft;CRITICAL;F8;TEMPORAL;;0;False;fact;TEMPORAL_CONFUSION;5;HIGH;not_retained;;;Article 9 = Produits ayant l'investissement durable pour objectif;RG-SFDR-ARTICLE-9-CLASSIFICATION;règle stable et non bornée : une question temporelle porterait sur une date sans enjeu
SFDR;SFDR-R-009;CLASSIFICATION;draft;CRITICAL;F9;CROSS_REGULATORY;SFDR-R-009-F9;2;True;qualification;CROSS_REGULATORY_CONFLATION;5;CRITICAL;blocked;;;Article 9 = Produits ayant l'investissement durable pour objectif;RG-SFDR-ARTICLE-9-CLASSIFICATION;régime(s) voisin(s) plausible(s) : TAXONOMIE — la confusion est juridiquement crédible
SFDR;SFDR-R-009;CLASSIFICATION;draft;CRITICAL;F10;EXCEPTION;;0;False;qualification;OVERGENERALIZATION;5;CRITICAL;not_retained;;;Article 9 = Produits ayant l'investissement durable pour objectif;RG-SFDR-ARTICLE-9-CLASSIFICATION;exceptions inconnues : tester une exception qu'on n'a pas cherchée reviendrait à l'inventer
SFDR;SFDR-R-009;CLASSIFICATION;draft;CRITICAL;F11;NEGATIVE_ASSERTION;;0;False;false_premise;NEGATIVE_ASSERTION;5;CRITICAL;not_retained;;;Article 9 = Produits ayant l'investissement durable pour objectif;RG-SFDR-ARTICLE-9-CLASSIFICATION;aucune affirmation négative documentée : il n'y a rien à nier
SFDR;SFDR-R-009;CLASSIFICATION;draft;CRITICAL;F12;MISSING_INFORMATION;SFDR-R-009-F12;3;True;calibrated_abstention;MISSING_INFORMATION;5;HIGH;blocked;;;Article 9 = Produits ayant l'investissement durable pour objectif;RG-SFDR-ARTICLE-9-CLASSIFICATION;règle de type CLASSIFICATION : on peut nommer exactement la donnée qui manque pour conclure
SFDR;SFDR-R-010;DISCLOSURE;draft;MEDIUM;F1;FACT_RECALL;SFDR-R-010-F1;2;True;fact;NONE;2;LOW;blocked;;;Article 10 = Publication sur le site internet pour les produits 8 et 9;RG-SFDR-ARTICLE-10-DISCLOSURE;l'obligation elle-même se restitue : qui doit quoi, envers qui
SFDR;SFDR-R-010;DISCLOSURE;draft;MEDIUM;F2;QUALIFICATION;SFDR-R-010-F2;2;True;qualification;NONE;4;MEDIUM;blocked;;;Article 10 = Publication sur le site internet pour les produits 8 et 9;RG-SFDR-ARTICLE-10-DISCLOSURE;la règle se projette sur un cas, avec une réponse tranchable
SFDR;SFDR-R-010;DISCLOSURE;draft;MEDIUM;F3;CALCULATION;;0;False;calculation;NONE;3;MEDIUM;not_retained;;;Article 10 = Publication sur le site internet pour les produits 8 et 9;RG-SFDR-ARTICLE-10-DISCLOSURE;aucune computation réelle : un calcul serait fabriqué pour la question
SFDR;SFDR-R-010;DISCLOSURE;draft;MEDIUM;F4;FALSE_PREMISE;SFDR-R-010-F4;2;True;false_premise;SCOPE_CONFUSION;4;MEDIUM;blocked;TG-SFDR-R-010;SCOPE_TWIN;Article 10 = Publication sur le site internet pour les produits 8 et 9;RG-SFDR-ARTICLE-10-DISCLOSURE;1 confusion(s) typique(s) documentée(s) : chacune se retourne en prémisse fausse plausible
SFDR;SFDR-R-010;DISCLOSURE;draft;MEDIUM;F5;TRUE_PREMISE_ADVERSARIAL;SFDR-R-010-F5;2;True;true_premise_adversarial;NONE;4;LOW;blocked;TG-SFDR-R-010;SCOPE_TWIN;Article 10 = Publication sur le site internet pour les produits 8 et 9;RG-SFDR-ARTICLE-10-DISCLOSURE;jumeau obligatoire de la fausse prémisse : sans lui, le modèle apprend « question adversariale ⇒ réfuter » et gagne des points en réfutant le vrai
SFDR;SFDR-R-010;DISCLOSURE;draft;MEDIUM;F6;CALIBRATED_ABSTENTION;;1;False;calibrated_abstention;MISSING_INFORMATION;4;LOW;not_retained;;;Article 10 = Publication sur le site internet pour les produits 8 et 9;RG-SFDR-ARTICLE-10-DISCLOSURE;exceptions inconnues : on ne peut pas affirmer qu'un cas est indécidable tant qu'on ignore ce que le texte prévoit
SFDR;SFDR-R-010;DISCLOSURE;draft;MEDIUM;F7;CONDITIONAL_ANSWER;;0;False;qualification;NONE;3;MEDIUM;not_retained;;;Article 10 = Publication sur le site internet pour les produits 8 et 9;RG-SFDR-ARTICLE-10-DISCLOSURE;règle sans branche : une réponse conditionnelle serait un artifice
SFDR;SFDR-R-010;DISCLOSURE;draft;MEDIUM;F8;TEMPORAL;SFDR-R-010-F8;2;True;fact;TEMPORAL_CONFUSION;4;LOW;blocked;;;Article 10 = Publication sur le site internet pour les produits 8 et 9;RG-SFDR-ARTICLE-10-DISCLOSURE;piège de confusion temporelle documenté sur cette règle
SFDR;SFDR-R-010;DISCLOSURE;draft;MEDIUM;F9;CROSS_REGULATORY;;0;False;qualification;CROSS_REGULATORY_CONFLATION;5;MEDIUM;not_retained;;;Article 10 = Publication sur le site internet pour les produits 8 et 9;RG-SFDR-ARTICLE-10-DISCLOSURE;aucun régime voisin : la confusion ne serait pas plausible
SFDR;SFDR-R-010;DISCLOSURE;draft;MEDIUM;F10;EXCEPTION;;0;False;qualification;OVERGENERALIZATION;4;MEDIUM;not_retained;;;Article 10 = Publication sur le site internet pour les produits 8 et 9;RG-SFDR-ARTICLE-10-DISCLOSURE;exceptions inconnues : tester une exception qu'on n'a pas cherchée reviendrait à l'inventer
SFDR;SFDR-R-010;DISCLOSURE;draft;MEDIUM;F11;NEGATIVE_ASSERTION;;0;False;false_premise;NEGATIVE_ASSERTION;4;MEDIUM;not_retained;;;Article 10 = Publication sur le site internet pour les produits 8 et 9;RG-SFDR-ARTICLE-10-DISCLOSURE;aucune affirmation négative documentée : il n'y a rien à nier
SFDR;SFDR-R-010;DISCLOSURE;draft;MEDIUM;F12;MISSING_INFORMATION;SFDR-R-010-F12;2;True;calibrated_abstention;MISSING_INFORMATION;4;LOW;blocked;;;Article 10 = Publication sur le site internet pour les produits 8 et 9;RG-SFDR-ARTICLE-10-DISCLOSURE;l'obligation dépend de faits identifiables : le modèle doit dire lesquels lui manquent
SFDR;SFDR-R-011;DISCLOSURE;draft;HIGH;F1;FACT_RECALL;SFDR-R-011-F1;2;True;fact;NONE;2;MEDIUM;blocked;;;Article 11 = Information périodique des produits 8 et 9;RG-SFDR-ARTICLE-11-DISCLOSURE;l'obligation elle-même se restitue : qui doit quoi, envers qui
SFDR;SFDR-R-011;DISCLOSURE;draft;HIGH;F2;QUALIFICATION;SFDR-R-011-F2;2;True;qualification;NONE;4;HIGH;blocked;;;Article 11 = Information périodique des produits 8 et 9;RG-SFDR-ARTICLE-11-DISCLOSURE;la règle se projette sur un cas, avec une réponse tranchable
SFDR;SFDR-R-011;DISCLOSURE;draft;HIGH;F3;CALCULATION;;0;False;calculation;NONE;3;HIGH;not_retained;;;Article 11 = Information périodique des produits 8 et 9;RG-SFDR-ARTICLE-11-DISCLOSURE;aucune computation réelle : un calcul serait fabriqué pour la question
SFDR;SFDR-R-011;DISCLOSURE;draft;HIGH;F4;FALSE_PREMISE;SFDR-R-011-F4;2;True;false_premise;CONCEPT_CONFLATION;4;HIGH;blocked;TG-SFDR-R-011;FALSE_TRUE;Article 11 = Information périodique des produits 8 et 9;RG-SFDR-ARTICLE-11-DISCLOSURE;1 confusion(s) typique(s) documentée(s) : chacune se retourne en prémisse fausse plausible
SFDR;SFDR-R-011;DISCLOSURE;draft;HIGH;F5;TRUE_PREMISE_ADVERSARIAL;SFDR-R-011-F5;2;True;true_premise_adversarial;NONE;4;MEDIUM;blocked;TG-SFDR-R-011;FALSE_TRUE;Article 11 = Information périodique des produits 8 et 9;RG-SFDR-ARTICLE-11-DISCLOSURE;jumeau obligatoire de la fausse prémisse : sans lui, le modèle apprend « question adversariale ⇒ réfuter » et gagne des points en réfutant le vrai
SFDR;SFDR-R-011;DISCLOSURE;draft;HIGH;F6;CALIBRATED_ABSTENTION;;1;False;calibrated_abstention;MISSING_INFORMATION;4;MEDIUM;not_retained;;;Article 11 = Information périodique des produits 8 et 9;RG-SFDR-ARTICLE-11-DISCLOSURE;exceptions inconnues : on ne peut pas affirmer qu'un cas est indécidable tant qu'on ignore ce que le texte prévoit
SFDR;SFDR-R-011;DISCLOSURE;draft;HIGH;F7;CONDITIONAL_ANSWER;;0;False;qualification;NONE;3;HIGH;not_retained;;;Article 11 = Information périodique des produits 8 et 9;RG-SFDR-ARTICLE-11-DISCLOSURE;règle sans branche : une réponse conditionnelle serait un artifice
SFDR;SFDR-R-011;DISCLOSURE;draft;HIGH;F8;TEMPORAL;SFDR-R-011-F8;2;True;fact;TEMPORAL_CONFUSION;4;MEDIUM;blocked;;;Article 11 = Information périodique des produits 8 et 9;RG-SFDR-ARTICLE-11-DISCLOSURE;piège de confusion temporelle documenté sur cette règle
SFDR;SFDR-R-011;DISCLOSURE;draft;HIGH;F9;CROSS_REGULATORY;;0;False;qualification;CROSS_REGULATORY_CONFLATION;5;HIGH;not_retained;;;Article 11 = Information périodique des produits 8 et 9;RG-SFDR-ARTICLE-11-DISCLOSURE;aucun régime voisin : la confusion ne serait pas plausible
SFDR;SFDR-R-011;DISCLOSURE;draft;HIGH;F10;EXCEPTION;;0;False;qualification;OVERGENERALIZATION;4;HIGH;not_retained;;;Article 11 = Information périodique des produits 8 et 9;RG-SFDR-ARTICLE-11-DISCLOSURE;exceptions inconnues : tester une exception qu'on n'a pas cherchée reviendrait à l'inventer
SFDR;SFDR-R-011;DISCLOSURE;draft;HIGH;F11;NEGATIVE_ASSERTION;;0;False;false_premise;NEGATIVE_ASSERTION;4;HIGH;not_retained;;;Article 11 = Information périodique des produits 8 et 9;RG-SFDR-ARTICLE-11-DISCLOSURE;aucune affirmation négative documentée : il n'y a rien à nier
SFDR;SFDR-R-011;DISCLOSURE;draft;HIGH;F12;MISSING_INFORMATION;SFDR-R-011-F12;2;True;calibrated_abstention;MISSING_INFORMATION;4;MEDIUM;blocked;;;Article 11 = Information périodique des produits 8 et 9;RG-SFDR-ARTICLE-11-DISCLOSURE;l'obligation dépend de faits identifiables : le modèle doit dire lesquels lui manquent
SFDR;SFDR-R-012;OBLIGATION;draft;MEDIUM;F1;FACT_RECALL;SFDR-R-012-F1;2;True;fact;NONE;2;LOW;blocked;;;Article 12 = Mise à jour des informations publiées;RG-SFDR-ARTICLE-12-OBLIGATION;l'obligation elle-même se restitue : qui doit quoi, envers qui
SFDR;SFDR-R-012;OBLIGATION;draft;MEDIUM;F2;QUALIFICATION;SFDR-R-012-F2;3;True;qualification;NONE;4;MEDIUM;blocked;;;Article 12 = Mise à jour des informations publiées;RG-SFDR-ARTICLE-12-OBLIGATION;un cas concret tranche : la règle dit qui est concerné et ce qui doit être fait, l'application est vérifiable
SFDR;SFDR-R-012;OBLIGATION;draft;MEDIUM;F3;CALCULATION;;0;False;calculation;NONE;3;MEDIUM;not_retained;;;Article 12 = Mise à jour des informations publiées;RG-SFDR-ARTICLE-12-OBLIGATION;aucune computation réelle : un calcul serait fabriqué pour la question
SFDR;SFDR-R-012;OBLIGATION;draft;MEDIUM;F4;FALSE_PREMISE;SFDR-R-012-F4;2;True;false_premise;TEMPORAL_CONFUSION;4;MEDIUM;blocked;TG-SFDR-R-012;TEMPORAL_TWIN;Article 12 = Mise à jour des informations publiées;RG-SFDR-ARTICLE-12-OBLIGATION;1 confusion(s) typique(s) documentée(s) : chacune se retourne en prémisse fausse plausible
SFDR;SFDR-R-012;OBLIGATION;draft;MEDIUM;F5;TRUE_PREMISE_ADVERSARIAL;SFDR-R-012-F5;2;True;true_premise_adversarial;NONE;4;LOW;blocked;TG-SFDR-R-012;TEMPORAL_TWIN;Article 12 = Mise à jour des informations publiées;RG-SFDR-ARTICLE-12-OBLIGATION;jumeau obligatoire de la fausse prémisse : sans lui, le modèle apprend « question adversariale ⇒ réfuter » et gagne des points en réfutant le vrai
SFDR;SFDR-R-012;OBLIGATION;draft;MEDIUM;F6;CALIBRATED_ABSTENTION;;1;False;calibrated_abstention;MISSING_INFORMATION;4;LOW;not_retained;;;Article 12 = Mise à jour des informations publiées;RG-SFDR-ARTICLE-12-OBLIGATION;exceptions inconnues : on ne peut pas affirmer qu'un cas est indécidable tant qu'on ignore ce que le texte prévoit
SFDR;SFDR-R-012;OBLIGATION;draft;MEDIUM;F7;CONDITIONAL_ANSWER;SFDR-R-012-F7;2;True;qualification;NONE;3;MEDIUM;blocked;;;Article 12 = Mise à jour des informations publiées;RG-SFDR-ARTICLE-12-OBLIGATION;l'énoncé se branche selon les faits : la bonne réponse dit « si A alors X, si B alors Y »
SFDR;SFDR-R-012;OBLIGATION;draft;MEDIUM;F8;TEMPORAL;SFDR-R-012-F8;2;True;fact;TEMPORAL_CONFUSION;4;LOW;blocked;;;Article 12 = Mise à jour des informations publiées;RG-SFDR-ARTICLE-12-OBLIGATION;piège de confusion temporelle documenté sur cette règle
SFDR;SFDR-R-012;OBLIGATION;draft;MEDIUM;F9;CROSS_REGULATORY;;0;False;qualification;CROSS_REGULATORY_CONFLATION;5;MEDIUM;not_retained;;;Article 12 = Mise à jour des informations publiées;RG-SFDR-ARTICLE-12-OBLIGATION;aucun régime voisin : la confusion ne serait pas plausible
SFDR;SFDR-R-012;OBLIGATION;draft;MEDIUM;F10;EXCEPTION;;0;False;qualification;OVERGENERALIZATION;4;MEDIUM;not_retained;;;Article 12 = Mise à jour des informations publiées;RG-SFDR-ARTICLE-12-OBLIGATION;exceptions inconnues : tester une exception qu'on n'a pas cherchée reviendrait à l'inventer
SFDR;SFDR-R-012;OBLIGATION;draft;MEDIUM;F11;NEGATIVE_ASSERTION;;0;False;false_premise;NEGATIVE_ASSERTION;4;MEDIUM;not_retained;;;Article 12 = Mise à jour des informations publiées;RG-SFDR-ARTICLE-12-OBLIGATION;aucune affirmation négative documentée : il n'y a rien à nier
SFDR;SFDR-R-012;OBLIGATION;draft;MEDIUM;F12;MISSING_INFORMATION;SFDR-R-012-F12;2;True;calibrated_abstention;MISSING_INFORMATION;4;LOW;blocked;;;Article 12 = Mise à jour des informations publiées;RG-SFDR-ARTICLE-12-OBLIGATION;l'obligation dépend de faits identifiables : le modèle doit dire lesquels lui manquent
SFDR;SFDR-R-013;OBLIGATION;draft;HIGH;F1;FACT_RECALL;SFDR-R-013-F1;2;True;fact;NONE;2;MEDIUM;blocked;;;Article 13 = Cohérence des communications publicitaires;RG-SFDR-ARTICLE-13-OBLIGATION;l'obligation elle-même se restitue : qui doit quoi, envers qui
SFDR;SFDR-R-013;OBLIGATION;draft;HIGH;F2;QUALIFICATION;SFDR-R-013-F2;3;True;qualification;NONE;4;HIGH;blocked;;;Article 13 = Cohérence des communications publicitaires;RG-SFDR-ARTICLE-13-OBLIGATION;un cas concret tranche : la règle dit qui est concerné et ce qui doit être fait, l'application est vérifiable
SFDR;SFDR-R-013;OBLIGATION;draft;HIGH;F3;CALCULATION;;0;False;calculation;NONE;3;HIGH;not_retained;;;Article 13 = Cohérence des communications publicitaires;RG-SFDR-ARTICLE-13-OBLIGATION;aucune computation réelle : un calcul serait fabriqué pour la question
SFDR;SFDR-R-013;OBLIGATION;draft;HIGH;F4;FALSE_PREMISE;SFDR-R-013-F4;2;True;false_premise;SCOPE_CONFUSION;4;HIGH;blocked;TG-SFDR-R-013;SCOPE_TWIN;Article 13 = Cohérence des communications publicitaires;RG-SFDR-ARTICLE-13-OBLIGATION;1 confusion(s) typique(s) documentée(s) : chacune se retourne en prémisse fausse plausible
SFDR;SFDR-R-013;OBLIGATION;draft;HIGH;F5;TRUE_PREMISE_ADVERSARIAL;SFDR-R-013-F5;2;True;true_premise_adversarial;NONE;4;MEDIUM;blocked;TG-SFDR-R-013;SCOPE_TWIN;Article 13 = Cohérence des communications publicitaires;RG-SFDR-ARTICLE-13-OBLIGATION;jumeau obligatoire de la fausse prémisse : sans lui, le modèle apprend « question adversariale ⇒ réfuter » et gagne des points en réfutant le vrai
SFDR;SFDR-R-013;OBLIGATION;draft;HIGH;F6;CALIBRATED_ABSTENTION;;1;False;calibrated_abstention;MISSING_INFORMATION;4;MEDIUM;not_retained;;;Article 13 = Cohérence des communications publicitaires;RG-SFDR-ARTICLE-13-OBLIGATION;exceptions inconnues : on ne peut pas affirmer qu'un cas est indécidable tant qu'on ignore ce que le texte prévoit
SFDR;SFDR-R-013;OBLIGATION;draft;HIGH;F7;CONDITIONAL_ANSWER;;0;False;qualification;NONE;3;HIGH;not_retained;;;Article 13 = Cohérence des communications publicitaires;RG-SFDR-ARTICLE-13-OBLIGATION;règle sans branche : une réponse conditionnelle serait un artifice
SFDR;SFDR-R-013;OBLIGATION;draft;HIGH;F8;TEMPORAL;;0;False;fact;TEMPORAL_CONFUSION;4;MEDIUM;not_retained;;;Article 13 = Cohérence des communications publicitaires;RG-SFDR-ARTICLE-13-OBLIGATION;règle stable et non bornée : une question temporelle porterait sur une date sans enjeu
SFDR;SFDR-R-013;OBLIGATION;draft;HIGH;F9;CROSS_REGULATORY;SFDR-R-013-F9;3;True;qualification;CROSS_REGULATORY_CONFLATION;5;HIGH;blocked;;;Article 13 = Cohérence des communications publicitaires;RG-SFDR-ARTICLE-13-OBLIGATION;confusion inter-réglementaire documentée et régime(s) voisin(s) identifié(s) : AMF
SFDR;SFDR-R-013;OBLIGATION;draft;HIGH;F10;EXCEPTION;;0;False;qualification;OVERGENERALIZATION;4;HIGH;not_retained;;;Article 13 = Cohérence des communications publicitaires;RG-SFDR-ARTICLE-13-OBLIGATION;exceptions inconnues : tester une exception qu'on n'a pas cherchée reviendrait à l'inventer
SFDR;SFDR-R-013;OBLIGATION;draft;HIGH;F11;NEGATIVE_ASSERTION;;0;False;false_premise;NEGATIVE_ASSERTION;4;HIGH;not_retained;;;Article 13 = Cohérence des communications publicitaires;RG-SFDR-ARTICLE-13-OBLIGATION;aucune affirmation négative documentée : il n'y a rien à nier
SFDR;SFDR-R-013;OBLIGATION;draft;HIGH;F12;MISSING_INFORMATION;SFDR-R-013-F12;2;True;calibrated_abstention;MISSING_INFORMATION;4;MEDIUM;blocked;;;Article 13 = Cohérence des communications publicitaires;RG-SFDR-ARTICLE-13-OBLIGATION;l'obligation dépend de faits identifiables : le modèle doit dire lesquels lui manquent
SFDR;SFDR-R-014;DISCLOSURE;draft;HIGH;F1;FACT_RECALL;SFDR-R-014-F1;2;True;fact;NONE;2;MEDIUM;blocked;;;Ensemble du règlement délégué = Normes techniques de réglementation et modèles d'annexes;RG-SFDR-ENSEMBLE-DU-REGLEMENT-DE-DISCLOSURE;l'obligation elle-même se restitue : qui doit quoi, envers qui
SFDR;SFDR-R-014;DISCLOSURE;draft;HIGH;F2;QUALIFICATION;SFDR-R-014-F2;2;True;qualification;NONE;4;HIGH;blocked;;;Ensemble du règlement délégué = Normes techniques de réglementation et modèles d'annexes;RG-SFDR-ENSEMBLE-DU-REGLEMENT-DE-DISCLOSURE;la règle se projette sur un cas, avec une réponse tranchable
SFDR;SFDR-R-014;DISCLOSURE;draft;HIGH;F3;CALCULATION;;0;False;calculation;NONE;3;HIGH;not_retained;;;Ensemble du règlement délégué = Normes techniques de réglementation et modèles d'annexes;RG-SFDR-ENSEMBLE-DU-REGLEMENT-DE-DISCLOSURE;aucune computation réelle : un calcul serait fabriqué pour la question
SFDR;SFDR-R-014;DISCLOSURE;draft;HIGH;F4;FALSE_PREMISE;SFDR-R-014-F4;3;True;false_premise;FALSE_ARTICLE;4;HIGH;blocked;TG-SFDR-R-014;FALSE_TRUE;Ensemble du règlement délégué = Normes techniques de réglementation et modèles d'annexes;RG-SFDR-ENSEMBLE-DU-REGLEMENT-DE-DISCLOSURE;la règle porte un piège d'invention (seuil ou article) : la fausse prémisse s'écrit directement dessus
SFDR;SFDR-R-014;DISCLOSURE;draft;HIGH;F5;TRUE_PREMISE_ADVERSARIAL;SFDR-R-014-F5;3;True;true_premise_adversarial;NONE;4;MEDIUM;blocked;TG-SFDR-R-014;FALSE_TRUE;Ensemble du règlement délégué = Normes techniques de réglementation et modèles d'annexes;RG-SFDR-ENSEMBLE-DU-REGLEMENT-DE-DISCLOSURE;jumeau obligatoire de la fausse prémisse : sans lui, le modèle apprend « question adversariale ⇒ réfuter » et gagne des points en réfutant le vrai
SFDR;SFDR-R-014;DISCLOSURE;draft;HIGH;F6;CALIBRATED_ABSTENTION;;1;False;calibrated_abstention;MISSING_INFORMATION;4;MEDIUM;not_retained;;;Ensemble du règlement délégué = Normes techniques de réglementation et modèles d'annexes;RG-SFDR-ENSEMBLE-DU-REGLEMENT-DE-DISCLOSURE;exceptions inconnues : on ne peut pas affirmer qu'un cas est indécidable tant qu'on ignore ce que le texte prévoit
SFDR;SFDR-R-014;DISCLOSURE;draft;HIGH;F7;CONDITIONAL_ANSWER;;0;False;qualification;NONE;3;HIGH;not_retained;;;Ensemble du règlement délégué = Normes techniques de réglementation et modèles d'annexes;RG-SFDR-ENSEMBLE-DU-REGLEMENT-DE-DISCLOSURE;règle sans branche : une réponse conditionnelle serait un artifice
SFDR;SFDR-R-014;DISCLOSURE;draft;HIGH;F8;TEMPORAL;SFDR-R-014-F8;2;True;fact;TEMPORAL_CONFUSION;4;MEDIUM;blocked;;;Ensemble du règlement délégué = Normes techniques de réglementation et modèles d'annexes;RG-SFDR-ENSEMBLE-DU-REGLEMENT-DE-DISCLOSURE;règle marquée sensible au temps : l'entrée en vigueur et le régime applicable à une date donnée se testent
SFDR;SFDR-R-014;DISCLOSURE;draft;HIGH;F9;CROSS_REGULATORY;;1;False;qualification;CROSS_REGULATORY_CONFLATION;5;HIGH;not_retained;;;Ensemble du règlement délégué = Normes techniques de réglementation et modèles d'annexes;RG-SFDR-ENSEMBLE-DU-REGLEMENT-DE-DISCLOSURE;piège inter-réglementaire annoncé mais aucun régime voisin nommé : la confusion resterait abstraite
SFDR;SFDR-R-014;DISCLOSURE;draft;HIGH;F10;EXCEPTION;;0;False;qualification;OVERGENERALIZATION;4;HIGH;not_retained;;;Ensemble du règlement délégué = Normes techniques de réglementation et modèles d'annexes;RG-SFDR-ENSEMBLE-DU-REGLEMENT-DE-DISCLOSURE;exceptions inconnues : tester une exception qu'on n'a pas cherchée reviendrait à l'inventer
SFDR;SFDR-R-014;DISCLOSURE;draft;HIGH;F11;NEGATIVE_ASSERTION;;0;False;false_premise;NEGATIVE_ASSERTION;4;HIGH;not_retained;;;Ensemble du règlement délégué = Normes techniques de réglementation et modèles d'annexes;RG-SFDR-ENSEMBLE-DU-REGLEMENT-DE-DISCLOSURE;aucune affirmation négative documentée : il n'y a rien à nier
SFDR;SFDR-R-014;DISCLOSURE;draft;HIGH;F12;MISSING_INFORMATION;SFDR-R-014-F12;2;True;calibrated_abstention;MISSING_INFORMATION;4;MEDIUM;blocked;;;Ensemble du règlement délégué = Normes techniques de réglementation et modèles d'annexes;RG-SFDR-ENSEMBLE-DU-REGLEMENT-DE-DISCLOSURE;l'obligation dépend de faits identifiables : le modèle doit dire lesquels lui manquent
SFDR;TAXO-R-001;CLASSIFICATION;draft;CRITICAL;F1;FACT_RECALL;TAXO-R-001-F1;3;True;fact;NONE;3;HIGH;blocked;;;Article 3 = Critères d'une activité économique durable sur le plan environnemental;RG-SFDR-ARTICLE-3-CLASSIFICATION;règle de type CLASSIFICATION : elle porte un élément restituable exactement (définition, seuil, délai ou périmètre)
SFDR;TAXO-R-001;CLASSIFICATION;draft;CRITICAL;F2;QUALIFICATION;TAXO-R-001-F2;3;True;qualification;NONE;5;CRITICAL;blocked;;;Article 3 = Critères d'une activité économique durable sur le plan environnemental;RG-SFDR-ARTICLE-3-CLASSIFICATION;un cas concret tranche : la règle dit qui est concerné et ce qui doit être fait, l'application est vérifiable
SFDR;TAXO-R-001;CLASSIFICATION;draft;CRITICAL;F3;CALCULATION;;0;False;calculation;NONE;4;CRITICAL;not_retained;;;Article 3 = Critères d'une activité économique durable sur le plan environnemental;RG-SFDR-ARTICLE-3-CLASSIFICATION;aucune computation réelle : un calcul serait fabriqué pour la question
SFDR;TAXO-R-001;CLASSIFICATION;draft;CRITICAL;F4;FALSE_PREMISE;TAXO-R-001-F4;2;True;false_premise;CONCEPT_CONFLATION;5;CRITICAL;blocked;TG-TAXO-R-001;FALSE_TRUE;Article 3 = Critères d'une activité économique durable sur le plan environnemental;RG-SFDR-ARTICLE-3-CLASSIFICATION;2 confusion(s) typique(s) documentée(s) : chacune se retourne en prémisse fausse plausible
SFDR;TAXO-R-001;CLASSIFICATION;draft;CRITICAL;F5;TRUE_PREMISE_ADVERSARIAL;TAXO-R-001-F5;2;True;true_premise_adversarial;NONE;5;HIGH;blocked;TG-TAXO-R-001;FALSE_TRUE;Article 3 = Critères d'une activité économique durable sur le plan environnemental;RG-SFDR-ARTICLE-3-CLASSIFICATION;jumeau obligatoire de la fausse prémisse : sans lui, le modèle apprend « question adversariale ⇒ réfuter » et gagne des points en réfutant le vrai
SFDR;TAXO-R-001;CLASSIFICATION;draft;CRITICAL;F6;CALIBRATED_ABSTENTION;;1;False;calibrated_abstention;MISSING_INFORMATION;5;HIGH;not_retained;;;Article 3 = Critères d'une activité économique durable sur le plan environnemental;RG-SFDR-ARTICLE-3-CLASSIFICATION;exceptions inconnues : on ne peut pas affirmer qu'un cas est indécidable tant qu'on ignore ce que le texte prévoit
SFDR;TAXO-R-001;CLASSIFICATION;draft;CRITICAL;F7;CONDITIONAL_ANSWER;;0;False;qualification;NONE;4;CRITICAL;not_retained;;;Article 3 = Critères d'une activité économique durable sur le plan environnemental;RG-SFDR-ARTICLE-3-CLASSIFICATION;règle sans branche : une réponse conditionnelle serait un artifice
SFDR;TAXO-R-001;CLASSIFICATION;draft;CRITICAL;F8;TEMPORAL;;0;False;fact;TEMPORAL_CONFUSION;5;HIGH;not_retained;;;Article 3 = Critères d'une activité économique durable sur le plan environnemental;RG-SFDR-ARTICLE-3-CLASSIFICATION;règle stable et non bornée : une question temporelle porterait sur une date sans enjeu
SFDR;TAXO-R-001;CLASSIFICATION;draft;CRITICAL;F9;CROSS_REGULATORY;TAXO-R-001-F9;3;True;qualification;CROSS_REGULATORY_CONFLATION;5;CRITICAL;blocked;;;Article 3 = Critères d'une activité économique durable sur le plan environnemental;RG-SFDR-ARTICLE-3-CLASSIFICATION;confusion inter-réglementaire documentée et régime(s) voisin(s) identifié(s) : TAXONOMIE
SFDR;TAXO-R-001;CLASSIFICATION;draft;CRITICAL;F10;EXCEPTION;;0;False;qualification;OVERGENERALIZATION;5;CRITICAL;not_retained;;;Article 3 = Critères d'une activité économique durable sur le plan environnemental;RG-SFDR-ARTICLE-3-CLASSIFICATION;exceptions inconnues : tester une exception qu'on n'a pas cherchée reviendrait à l'inventer
SFDR;TAXO-R-001;CLASSIFICATION;draft;CRITICAL;F11;NEGATIVE_ASSERTION;;0;False;false_premise;NEGATIVE_ASSERTION;5;CRITICAL;not_retained;;;Article 3 = Critères d'une activité économique durable sur le plan environnemental;RG-SFDR-ARTICLE-3-CLASSIFICATION;aucune affirmation négative documentée : il n'y a rien à nier
SFDR;TAXO-R-001;CLASSIFICATION;draft;CRITICAL;F12;MISSING_INFORMATION;TAXO-R-001-F12;3;True;calibrated_abstention;MISSING_INFORMATION;5;HIGH;blocked;;;Article 3 = Critères d'une activité économique durable sur le plan environnemental;RG-SFDR-ARTICLE-3-CLASSIFICATION;règle de type CLASSIFICATION : on peut nommer exactement la donnée qui manque pour conclure
SFDR;TAXO-R-002;DEFINITION;draft;HIGH;F1;FACT_RECALL;TAXO-R-002-F1;3;True;fact;NONE;2;MEDIUM;blocked;;;Article 9 = Les six objectifs environnementaux;RG-SFDR-ARTICLE-9-DEFINITION;règle de type DEFINITION : elle porte un élément restituable exactement (définition, seuil, délai ou périmètre)
SFDR;TAXO-R-002;DEFINITION;draft;HIGH;F2;QUALIFICATION;;1;False;qualification;NONE;4;HIGH;not_retained;;;Article 9 = Les six objectifs environnementaux;RG-SFDR-ARTICLE-9-DEFINITION;une définition s'applique mal seule : la qualification dépendrait d'une règle d'obligation qu'il faudrait joindre
SFDR;TAXO-R-002;DEFINITION;draft;HIGH;F3;CALCULATION;;0;False;calculation;NONE;3;HIGH;not_retained;;;Article 9 = Les six objectifs environnementaux;RG-SFDR-ARTICLE-9-DEFINITION;aucune computation réelle : un calcul serait fabriqué pour la question
SFDR;TAXO-R-002;DEFINITION;draft;HIGH;F4;FALSE_PREMISE;TAXO-R-002-F4;3;True;false_premise;FALSE_ARTICLE;4;HIGH;blocked;TG-TAXO-R-002;FALSE_TRUE;Article 9 = Les six objectifs environnementaux;RG-SFDR-ARTICLE-9-DEFINITION;la règle porte un piège d'invention (seuil ou article) : la fausse prémisse s'écrit directement dessus
SFDR;TAXO-R-002;DEFINITION;draft;HIGH;F5;TRUE_PREMISE_ADVERSARIAL;TAXO-R-002-F5;3;True;true_premise_adversarial;NONE;4;MEDIUM;blocked;TG-TAXO-R-002;FALSE_TRUE;Article 9 = Les six objectifs environnementaux;RG-SFDR-ARTICLE-9-DEFINITION;jumeau obligatoire de la fausse prémisse : sans lui, le modèle apprend « question adversariale ⇒ réfuter » et gagne des points en réfutant le vrai
SFDR;TAXO-R-002;DEFINITION;draft;HIGH;F6;CALIBRATED_ABSTENTION;TAXO-R-002-F6;2;True;calibrated_abstention;MISSING_INFORMATION;4;MEDIUM;blocked;;;Article 9 = Les six objectifs environnementaux;RG-SFDR-ARTICLE-9-DEFINITION;un cas amputé d'une donnée décisive ne peut pas être tranché sous cette règle
SFDR;TAXO-R-002;DEFINITION;draft;HIGH;F7;CONDITIONAL_ANSWER;;0;False;qualification;NONE;3;HIGH;not_retained;;;Article 9 = Les six objectifs environnementaux;RG-SFDR-ARTICLE-9-DEFINITION;règle sans branche : une réponse conditionnelle serait un artifice
SFDR;TAXO-R-002;DEFINITION;draft;HIGH;F8;TEMPORAL;;0;False;fact;TEMPORAL_CONFUSION;4;MEDIUM;not_retained;;;Article 9 = Les six objectifs environnementaux;RG-SFDR-ARTICLE-9-DEFINITION;règle stable et non bornée : une question temporelle porterait sur une date sans enjeu
SFDR;TAXO-R-002;DEFINITION;draft;HIGH;F9;CROSS_REGULATORY;TAXO-R-002-F9;2;True;qualification;CROSS_REGULATORY_CONFLATION;5;HIGH;blocked;;;Article 9 = Les six objectifs environnementaux;RG-SFDR-ARTICLE-9-DEFINITION;régime(s) voisin(s) plausible(s) : TAXONOMIE — la confusion est juridiquement crédible
SFDR;TAXO-R-002;DEFINITION;draft;HIGH;F10;EXCEPTION;;1;False;qualification;OVERGENERALIZATION;4;HIGH;not_retained;;;Article 9 = Les six objectifs environnementaux;RG-SFDR-ARTICLE-9-DEFINITION;aucune exception identifiée : la famille ne pourrait tester qu'une confirmation d'absence, à sourcer comme connaissance négative
SFDR;TAXO-R-002;DEFINITION;draft;HIGH;F11;NEGATIVE_ASSERTION;;0;False;false_premise;NEGATIVE_ASSERTION;4;HIGH;not_retained;;;Article 9 = Les six objectifs environnementaux;RG-SFDR-ARTICLE-9-DEFINITION;aucune affirmation négative documentée : il n'y a rien à nier
SFDR;TAXO-R-002;DEFINITION;draft;HIGH;F12;MISSING_INFORMATION;;1;False;calibrated_abstention;MISSING_INFORMATION;4;MEDIUM;not_retained;;;Article 9 = Les six objectifs environnementaux;RG-SFDR-ARTICLE-9-DEFINITION;la donnée manquante serait difficile à nommer précisément : la demande d'information resterait vague
SFDR;TAXO-R-003;SCOPE;draft;CRITICAL;F1;FACT_RECALL;TAXO-R-003-F1;3;True;fact;NONE;2;HIGH;blocked;;;Articles 17 et 18 = Préjudice important et garanties minimales;RG-SFDR-ARTICLES-17-ET-18-SCOPE;règle de type SCOPE : elle porte un élément restituable exactement (définition, seuil, délai ou périmètre)
SFDR;TAXO-R-003;SCOPE;draft;CRITICAL;F2;QUALIFICATION;TAXO-R-003-F2;3;True;qualification;NONE;4;CRITICAL;blocked;;;Articles 17 et 18 = Préjudice important et garanties minimales;RG-SFDR-ARTICLES-17-ET-18-SCOPE;un cas concret tranche : la règle dit qui est concerné et ce qui doit être fait, l'application est vérifiable
SFDR;TAXO-R-003;SCOPE;draft;CRITICAL;F3;CALCULATION;;0;False;calculation;NONE;3;CRITICAL;not_retained;;;Articles 17 et 18 = Préjudice important et garanties minimales;RG-SFDR-ARTICLES-17-ET-18-SCOPE;aucune computation réelle : un calcul serait fabriqué pour la question
SFDR;TAXO-R-003;SCOPE;draft;CRITICAL;F4;FALSE_PREMISE;TAXO-R-003-F4;2;True;false_premise;CONCEPT_CONFLATION;4;CRITICAL;blocked;TG-TAXO-R-003;FALSE_TRUE;Articles 17 et 18 = Préjudice important et garanties minimales;RG-SFDR-ARTICLES-17-ET-18-SCOPE;2 confusion(s) typique(s) documentée(s) : chacune se retourne en prémisse fausse plausible
SFDR;TAXO-R-003;SCOPE;draft;CRITICAL;F5;TRUE_PREMISE_ADVERSARIAL;TAXO-R-003-F5;2;True;true_premise_adversarial;NONE;4;HIGH;blocked;TG-TAXO-R-003;FALSE_TRUE;Articles 17 et 18 = Préjudice important et garanties minimales;RG-SFDR-ARTICLES-17-ET-18-SCOPE;jumeau obligatoire de la fausse prémisse : sans lui, le modèle apprend « question adversariale ⇒ réfuter » et gagne des points en réfutant le vrai
SFDR;TAXO-R-003;SCOPE;draft;CRITICAL;F6;CALIBRATED_ABSTENTION;;1;False;calibrated_abstention;MISSING_INFORMATION;4;HIGH;not_retained;;;Articles 17 et 18 = Préjudice important et garanties minimales;RG-SFDR-ARTICLES-17-ET-18-SCOPE;exceptions inconnues : on ne peut pas affirmer qu'un cas est indécidable tant qu'on ignore ce que le texte prévoit
SFDR;TAXO-R-003;SCOPE;draft;CRITICAL;F7;CONDITIONAL_ANSWER;;0;False;qualification;NONE;3;CRITICAL;not_retained;;;Articles 17 et 18 = Préjudice important et garanties minimales;RG-SFDR-ARTICLES-17-ET-18-SCOPE;règle sans branche : une réponse conditionnelle serait un artifice
SFDR;TAXO-R-003;SCOPE;draft;CRITICAL;F8;TEMPORAL;;0;False;fact;TEMPORAL_CONFUSION;4;HIGH;not_retained;;;Articles 17 et 18 = Préjudice important et garanties minimales;RG-SFDR-ARTICLES-17-ET-18-SCOPE;règle stable et non bornée : une question temporelle porterait sur une date sans enjeu
SFDR;TAXO-R-003;SCOPE;draft;CRITICAL;F9;CROSS_REGULATORY;TAXO-R-003-F9;3;True;qualification;CROSS_REGULATORY_CONFLATION;5;CRITICAL;blocked;;;Articles 17 et 18 = Préjudice important et garanties minimales;RG-SFDR-ARTICLES-17-ET-18-SCOPE;confusion inter-réglementaire documentée et régime(s) voisin(s) identifié(s) : TAXONOMIE
SFDR;TAXO-R-003;SCOPE;draft;CRITICAL;F10;EXCEPTION;;0;False;qualification;OVERGENERALIZATION;4;CRITICAL;not_retained;;;Articles 17 et 18 = Préjudice important et garanties minimales;RG-SFDR-ARTICLES-17-ET-18-SCOPE;exceptions inconnues : tester une exception qu'on n'a pas cherchée reviendrait à l'inventer
SFDR;TAXO-R-003;SCOPE;draft;CRITICAL;F11;NEGATIVE_ASSERTION;;0;False;false_premise;NEGATIVE_ASSERTION;4;CRITICAL;not_retained;;;Articles 17 et 18 = Préjudice important et garanties minimales;RG-SFDR-ARTICLES-17-ET-18-SCOPE;aucune affirmation négative documentée : il n'y a rien à nier
SFDR;TAXO-R-003;SCOPE;draft;CRITICAL;F12;MISSING_INFORMATION;TAXO-R-003-F12;3;True;calibrated_abstention;MISSING_INFORMATION;4;HIGH;blocked;;;Articles 17 et 18 = Préjudice important et garanties minimales;RG-SFDR-ARTICLES-17-ET-18-SCOPE;règle de type SCOPE : on peut nommer exactement la donnée qui manque pour conclure
